order_reference,order_date,region,channel,units,revenue,source_system
ORD-000000,2023-01-01,north,retail,22,555.79,orders_export
ORD-000001,2023-01-01,south,wholesale,10,243.37,orders_export
ORD-000002,2023-01-01,east,online,6,153.4,orders_export
ORD-000003,2023-01-01,west,retail,4,102.47,orders_export
ORD-000004,2023-01-02,north,wholesale,21,525.64,orders_export
ORD-000005,2023-01-02,south,online,11,265.03,orders_export
ORD-000006,2023-01-02,east,retail,6,138.57,orders_export
ORD-000007,2023-01-02,west,wholesale,4,96.79,orders_export
ORD-000008,2023-01-03,north,online,19,472.04,orders_export
ORD-000009,2023-01-03,south,retail,11,265.85,orders_export
ORD-000010,2023-01-03,east,wholesale,6,151.21,orders_export
ORD-000011,2023-01-03,west,online,4,103.39,orders_export
ORD-000012,2023-01-04,north,retail,22,541.85,orders_export
ORD-000013,2023-01-04,south,wholesale,11,264.09,orders_export
ORD-000014,2023-01-04,east,online,7,165.44,orders_export
ORD-000015,2023-01-04,west,retail,4,110.68,orders_export
ORD-000016,2023-01-05,north,wholesale,19,476.02,orders_export
ORD-000017,2023-01-05,south,online,11,271.92,orders_export
ORD-000018,2023-01-05,east,retail,6,159.52,orders_export
ORD-000019,2023-01-05,west,wholesale,4,105.98,orders_export
ORD-000020,2023-01-06,north,online,19,484.25,orders_export
ORD-000021,2023-01-06,south,retail,10,257.2,orders_export
ORD-000022,2023-01-06,east,wholesale,6,158.24,orders_export
ORD-000023,2023-01-06,west,online,4,103.21,orders_export
ORD-000024,2023-01-07,north,retail,19,468.37,orders_export
ORD-000025,2023-01-07,south,wholesale,10,255.75,orders_export
ORD-000026,2023-01-07,east,online,6,154.07,orders_export
ORD-000027,2023-01-07,west,retail,4,103.1,orders_export
ORD-000028,2023-01-08,north,wholesale,20,498.34,orders_export
ORD-000029,2023-01-08,south,online,9,235.01,orders_export
ORD-000030,2023-01-08,east,retail,6,150.37,orders_export
ORD-000031,2023-01-08,west,wholesale,4,90.83,orders_export
ORD-000032,2023-01-09,north,online,21,532.59,orders_export
ORD-000033,2023-01-09,south,retail,10,255.53,orders_export
ORD-000034,2023-01-09,east,wholesale,6,145.06,orders_export
ORD-000035,2023-01-09,west,online,4,97.59,orders_export
ORD-000036,2023-01-10,north,retail,22,543.58,orders_export
ORD-000037,2023-01-10,south,wholesale,9,215.76,orders_export
ORD-000038,2023-01-10,east,online,6,160.78,orders_export
ORD-000039,2023-01-10,west,retail,4,104.17,orders_export
ORD-000040,2023-01-11,north,wholesale,24,604.88,orders_export
ORD-000041,2023-01-11,south,online,10,237.91,orders_export
ORD-000042,2023-01-11,east,retail,6,147.92,orders_export
ORD-000043,2023-01-11,west,wholesale,4,99.08,orders_export
ORD-000044,2023-01-12,north,online,20,503.31,orders_export
ORD-000045,2023-01-12,south,retail,10,243.99,orders_export
ORD-000046,2023-01-12,east,wholesale,6,155.68,orders_export
ORD-000047,2023-01-12,west,online,4,98.15,orders_export
ORD-000048,2023-01-13,north,retail,21,515.0,orders_export
ORD-000049,2023-01-13,south,wholesale,11,285.68,orders_export
ORD-000050,2023-01-13,east,online,6,150.78,orders_export
ORD-000051,2023-01-13,west,retail,4,97.55,orders_export
ORD-000052,2023-01-14,north,wholesale,21,519.95,orders_export
ORD-000053,2023-01-14,south,online,11,275.7,orders_export
ORD-000054,2023-01-14,east,retail,6,140.6,orders_export
ORD-000055,2023-01-14,west,wholesale,4,104.84,orders_export
ORD-000056,2023-01-15,north,online,22,544.23,orders_export
ORD-000057,2023-01-15,south,retail,11,268.11,orders_export
ORD-000058,2023-01-15,east,wholesale,7,168.25,orders_export
ORD-000059,2023-01-15,west,online,4,94.94,orders_export
ORD-000060,2023-01-16,north,retail,22,550.68,orders_export
ORD-000061,2023-01-16,south,wholesale,10,255.63,orders_export
ORD-000062,2023-01-16,east,online,7,169.3,orders_export
ORD-000063,2023-01-16,west,retail,4,101.66,orders_export
ORD-000064,2023-01-17,north,wholesale,21,520.25,orders_export
ORD-000065,2023-01-17,south,online,11,270.9,orders_export
ORD-000066,2023-01-17,east,retail,6,151.0,orders_export
ORD-000067,2023-01-17,west,wholesale,4,108.2,orders_export
ORD-000068,2023-01-18,north,online,22,540.05,orders_export
ORD-000069,2023-01-18,south,retail,10,255.41,orders_export
ORD-000070,2023-01-18,east,wholesale,6,148.27,orders_export
ORD-000071,2023-01-18,west,online,4,100.83,orders_export
ORD-000072,2023-01-19,north,retail,20,507.6,orders_export
ORD-000073,2023-01-19,south,wholesale,10,261.54,orders_export
ORD-000074,2023-01-19,east,online,7,164.04,orders_export
ORD-000075,2023-01-19,west,retail,4,99.71,orders_export
ORD-000076,2023-01-20,north,wholesale,20,492.47,orders_export
ORD-000077,2023-01-20,south,online,11,264.39,orders_export
ORD-000078,2023-01-20,east,retail,6,152.08,orders_export
ORD-000079,2023-01-20,west,wholesale,4,106.35,orders_export
ORD-000080,2023-01-21,north,online,22,547.39,orders_export
ORD-000081,2023-01-21,south,retail,10,250.95,orders_export
ORD-000082,2023-01-21,east,wholesale,7,165.43,orders_export
ORD-000083,2023-01-21,west,online,4,104.8,orders_export
ORD-000084,2023-01-22,north,retail,21,533.04,orders_export
ORD-000085,2023-01-22,south,wholesale,10,260.34,orders_export
ORD-000086,2023-01-22,east,online,6,148.0,orders_export
ORD-000087,2023-01-22,west,retail,4,108.97,orders_export
ORD-000088,2023-01-23,north,wholesale,21,531.7,orders_export
ORD-000089,2023-01-23,south,online,11,282.96,orders_export
ORD-000090,2023-01-23,east,retail,7,175.63,orders_export
ORD-000091,2023-01-23,west,wholesale,4,107.86,orders_export
ORD-000092,2023-01-24,north,online,18,454.34,orders_export
ORD-000093,2023-01-24,south,retail,10,256.18,orders_export
ORD-000094,2023-01-24,east,wholesale,7,168.64,orders_export
ORD-000095,2023-01-24,west,online,4,106.04,orders_export
ORD-000096,2023-01-25,north,retail,19,463.64,orders_export
ORD-000097,2023-01-25,south,wholesale,11,286.81,orders_export
ORD-000098,2023-01-25,east,online,7,164.18,orders_export
ORD-000099,2023-01-25,west,retail,4,100.12,orders_export
ORD-000100,2023-01-26,,wholesale,21,513.09,orders_export
ORD-000101,2023-01-26,,online,12,287.7,orders_export
ORD-000102,2023-01-26,,retail,7,170.12,orders_export
ORD-000103,2023-01-26,,wholesale,4,111.85,orders_export
ORD-000104,2023-01-27,,online,21,532.85,orders_export
ORD-000105,2023-01-27,,retail,11,283.44,orders_export
ORD-000106,2023-01-27,,wholesale,6,158.6,orders_export
ORD-000107,2023-01-27,,online,4,111.61,orders_export
ORD-000108,2023-01-28,,retail,23,577.97,orders_export
ORD-000109,2023-01-28,,wholesale,11,270.07,orders_export
ORD-000110,2023-01-28,,online,6,140.87,orders_export
ORD-000111,2023-01-28,,retail,4,109.34,orders_export
ORD-000112,2023-01-29,,wholesale,22,552.68,orders_export
ORD-000113,2023-01-29,,online,11,272.48,orders_export
ORD-000114,2023-01-29,,retail,6,151.46,orders_export
ORD-000115,2023-01-29,,wholesale,4,106.99,orders_export
ORD-000116,2023-01-30,,online,23,587.37,orders_export
ORD-000117,2023-01-30,,retail,11,272.25,orders_export
ORD-000118,2023-01-30,,wholesale,7,166.0,orders_export
ORD-000119,2023-01-30,,online,4,110.78,orders_export
ORD-000120,2023-01-31,,retail,22,557.82,orders_export
ORD-000121,2023-01-31,,wholesale,10,262.22,orders_export
ORD-000122,2023-01-31,,online,6,159.43,orders_export
ORD-000123,2023-01-31,,retail,5,116.65,orders_export
ORD-000124,2023-02-01,,wholesale,23,570.55,orders_export
ORD-000125,2023-02-01,,online,11,283.62,orders_export
ORD-000126,2023-02-01,,retail,6,154.02,orders_export
ORD-000127,2023-02-01,,wholesale,4,110.41,orders_export
ORD-000128,2023-02-02,,online,22,561.48,orders_export
ORD-000129,2023-02-02,,retail,11,274.7,orders_export
ORD-000130,2023-02-02,,wholesale,7,171.21,orders_export
ORD-000131,2023-02-02,,online,4,107.58,orders_export
ORD-000132,2023-02-03,,retail,20,495.28,orders_export
ORD-000133,2023-02-03,,wholesale,12,287.96,orders_export
ORD-000134,2023-02-03,,online,7,164.82,orders_export
ORD-000135,2023-02-03,,retail,4,106.68,orders_export
ORD-000136,2023-02-04,,wholesale,26,637.59,orders_export
ORD-000137,2023-02-04,,online,10,250.55,orders_export
ORD-000138,2023-02-04,,retail,6,152.52,orders_export
ORD-000139,2023-02-04,,wholesale,4,107.29,orders_export
ORD-000140,2023-02-05,north,online,20,487.56,orders_export
ORD-000141,2023-02-05,south,retail,12,300.61,orders_export
ORD-000142,2023-02-05,east,wholesale,7,169.8,orders_export
ORD-000143,2023-02-05,west,online,5,115.63,orders_export
ORD-000144,2023-02-06,north,retail,25,613.14,orders_export
ORD-000145,2023-02-06,south,wholesale,12,293.94,orders_export
ORD-000146,2023-02-06,east,online,6,149.32,orders_export
ORD-000147,2023-02-06,west,retail,5,113.53,orders_export
ORD-000148,2023-02-07,north,wholesale,21,522.02,orders_export
ORD-000149,2023-02-07,south,online,11,285.54,orders_export
ORD-000150,2023-02-07,east,retail,7,163.5,orders_export
ORD-000151,2023-02-07,west,wholesale,4,110.61,orders_export
ORD-000152,2023-02-08,north,online,24,603.69,orders_export
ORD-000153,2023-02-08,south,retail,10,259.21,orders_export
ORD-000154,2023-02-08,east,wholesale,7,170.78,orders_export
ORD-000155,2023-02-08,west,online,4,112.16,orders_export
ORD-000156,2023-02-09,north,retail,21,517.22,orders_export
ORD-000157,2023-02-09,south,wholesale,12,296.0,orders_export
ORD-000158,2023-02-09,east,online,7,170.43,orders_export
ORD-000159,2023-02-09,west,retail,5,114.26,orders_export
ORD-000160,2023-02-10,north,wholesale,21,517.07,orders_export
ORD-000161,2023-02-10,south,online,12,295.34,orders_export
ORD-000162,2023-02-10,east,retail,7,165.45,orders_export
ORD-000163,2023-02-10,west,wholesale,5,113.1,orders_export
ORD-000164,2023-02-11,north,online,24,608.26,orders_export
ORD-000165,2023-02-11,south,retail,10,253.47,orders_export
ORD-000166,2023-02-11,east,wholesale,7,174.45,orders_export
ORD-000167,2023-02-11,west,online,4,110.23,orders_export
ORD-000168,2023-02-12,north,retail,22,553.86,orders_export
ORD-000169,2023-02-12,south,wholesale,12,309.68,orders_export
ORD-000170,2023-02-12,east,online,6,158.25,orders_export
ORD-000171,2023-02-12,west,retail,5,118.1,orders_export
ORD-000172,2023-02-13,north,wholesale,25,619.02,orders_export
ORD-000173,2023-02-13,south,online,11,287.48,orders_export
ORD-000174,2023-02-13,east,retail,7,172.16,orders_export
ORD-000175,2023-02-13,west,wholesale,5,120.68,orders_export
ORD-000176,2023-02-14,north,online,20,512.33,orders_export
ORD-000177,2023-02-14,south,retail,11,267.91,orders_export
ORD-000178,2023-02-14,east,wholesale,7,173.9,orders_export
ORD-000179,2023-02-14,west,online,4,106.83,orders_export
ORD-000180,2023-02-15,north,retail,21,518.9,orders_export
ORD-000181,2023-02-15,south,wholesale,11,271.79,orders_export
ORD-000182,2023-02-15,east,online,7,162.95,orders_export
ORD-000183,2023-02-15,west,retail,5,112.77,orders_export
ORD-000184,2023-02-16,north,wholesale,24,598.35,orders_export
ORD-000185,2023-02-16,south,online,12,300.36,orders_export
ORD-000186,2023-02-16,east,retail,7,170.43,orders_export
ORD-000187,2023-02-16,west,wholesale,5,114.27,orders_export
ORD-000188,2023-02-17,north,online,20,507.28,orders_export
ORD-000189,2023-02-17,south,retail,12,295.69,orders_export
ORD-000190,2023-02-17,east,wholesale,7,167.61,orders_export
ORD-000191,2023-02-17,west,online,5,122.79,orders_export
ORD-000192,2023-02-18,north,retail,22,546.63,orders_export
ORD-000193,2023-02-18,south,wholesale,11,281.14,orders_export
ORD-000194,2023-02-18,east,online,7,167.92,orders_export
ORD-000195,2023-02-18,west,retail,5,126.75,orders_export
ORD-000196,2023-02-19,north,wholesale,24,596.42,orders_export
ORD-000197,2023-02-19,south,online,11,275.97,orders_export
ORD-000198,2023-02-19,east,retail,7,163.75,orders_export
ORD-000199,2023-02-19,west,wholesale,5,117.99,orders_export
ORD-000200,2023-02-20,north,online,23,586.2,orders_export
ORD-000201,2023-02-20,south,retail,12,306.51,orders_export
ORD-000202,2023-02-20,east,wholesale,7,178.41,orders_export
ORD-000203,2023-02-20,west,online,5,113.67,orders_export
ORD-000204,2023-02-21,north,retail,20,510.15,orders_export
ORD-000205,2023-02-21,south,wholesale,11,280.1,orders_export
ORD-000206,2023-02-21,east,online,6,162.24,orders_export
ORD-000207,2023-02-21,west,retail,4,107.3,orders_export
ORD-000208,2023-02-22,north,wholesale,23,570.28,orders_export
ORD-000209,2023-02-22,south,online,11,269.91,orders_export
ORD-000210,2023-02-22,east,retail,7,169.24,orders_export
ORD-000211,2023-02-22,west,wholesale,5,114.33,orders_export
ORD-000212,2023-02-23,north,online,22,546.76,orders_export
ORD-000213,2023-02-23,south,retail,11,278.84,orders_export
ORD-000214,2023-02-23,east,wholesale,7,175.73,orders_export
ORD-000215,2023-02-23,west,online,5,124.08,orders_export
ORD-000216,2023-02-24,north,retail,23,567.3,orders_export
ORD-000217,2023-02-24,south,wholesale,11,280.59,orders_export
ORD-000218,2023-02-24,east,online,8,188.48,orders_export
ORD-000219,2023-02-24,west,retail,5,120.74,orders_export
ORD-000220,2023-02-25,north,wholesale,24,593.06,orders_export
ORD-000221,2023-02-25,south,online,13,316.18,orders_export
ORD-000222,2023-02-25,east,retail,7,171.44,orders_export
ORD-000223,2023-02-25,west,wholesale,5,114.02,orders_export
ORD-000224,2023-02-26,north,online,24,609.64,orders_export
ORD-000225,2023-02-26,south,retail,11,279.76,orders_export
ORD-000226,2023-02-26,east,wholesale,7,173.04,orders_export
ORD-000227,2023-02-26,west,online,5,115.32,orders_export
ORD-000228,2023-02-27,north,retail,26,649.44,orders_export
ORD-000229,2023-02-27,south,wholesale,11,272.0,orders_export
ORD-000230,2023-02-27,east,online,7,179.62,orders_export
ORD-000231,2023-02-27,west,retail,5,115.65,orders_export
ORD-000232,2023-02-28,north,wholesale,24,604.48,orders_export
ORD-000233,2023-02-28,south,online,11,286.93,orders_export
ORD-000234,2023-02-28,east,retail,8,188.46,orders_export
ORD-000235,2023-02-28,west,wholesale,5,120.54,orders_export
ORD-000236,2023-03-01,north,online,22,543.38,orders_export
ORD-000237,2023-03-01,south,retail,12,294.64,orders_export
ORD-000238,2023-03-01,east,wholesale,7,166.1,orders_export
ORD-000239,2023-03-01,west,online,5,114.52,orders_export
ORD-000240,2023-03-02,north,retail,21,516.29,orders_export
ORD-000241,2023-03-02,south,wholesale,12,303.52,orders_export
ORD-000242,2023-03-02,east,online,7,181.87,orders_export
ORD-000243,2023-03-02,west,retail,5,123.67,orders_export
ORD-000244,2023-03-03,north,wholesale,23,573.31,orders_export
ORD-000245,2023-03-03,south,online,11,273.56,orders_export
ORD-000246,2023-03-03,east,retail,7,182.18,orders_export
ORD-000247,2023-03-03,west,wholesale,5,116.18,orders_export
ORD-000248,2023-03-04,north,online,26,644.07,orders_export
ORD-000249,2023-03-04,south,retail,12,296.84,orders_export
ORD-000250,2023-03-04,east,wholesale,7,179.12,orders_export
ORD-000251,2023-03-04,west,online,5,120.13,orders_export
ORD-000252,2023-03-05,north,retail,23,573.75,orders_export
ORD-000253,2023-03-05,south,wholesale,12,295.78,orders_export
ORD-000254,2023-03-05,east,online,7,184.58,orders_export
ORD-000255,2023-03-05,west,retail,5,116.97,orders_export
ORD-000256,2023-03-06,north,wholesale,23,573.99,orders_export
ORD-000257,2023-03-06,south,online,11,276.96,orders_export
ORD-000258,2023-03-06,east,retail,7,167.9,orders_export
ORD-000259,2023-03-06,west,wholesale,5,116.25,orders_export
ORD-000260,2023-03-07,north,online,22,547.71,orders_export
ORD-000261,2023-03-07,south,retail,11,273.16,orders_export
ORD-000262,2023-03-07,east,wholesale,7,184.94,orders_export
ORD-000263,2023-03-07,west,online,5,121.59,orders_export
ORD-000264,2023-03-08,north,retail,24,592.83,orders_export
ORD-000265,2023-03-08,south,wholesale,12,291.9,orders_export
ORD-000266,2023-03-08,east,online,7,178.39,orders_export
ORD-000267,2023-03-08,west,retail,4,104.45,orders_export
ORD-000268,2023-03-09,north,wholesale,22,553.3,orders_export
ORD-000269,2023-03-09,south,online,12,309.75,orders_export
ORD-000270,2023-03-09,east,retail,7,172.17,orders_export
ORD-000271,2023-03-09,west,wholesale,5,120.79,orders_export
ORD-000272,2023-03-10,north,online,24,604.71,orders_export
ORD-000273,2023-03-10,south,retail,12,299.48,orders_export
ORD-000274,2023-03-10,east,wholesale,7,183.84,orders_export
ORD-000275,2023-03-10,west,online,4,111.68,orders_export
ORD-000276,2023-03-11,north,retail,23,580.51,orders_export
ORD-000277,2023-03-11,south,wholesale,12,289.85,orders_export
ORD-000278,2023-03-11,east,online,7,181.94,orders_export
ORD-000279,2023-03-11,west,retail,5,115.91,orders_export
ORD-000280,2023-03-12,north,wholesale,24,590.09,orders_export
ORD-000281,2023-03-12,south,online,13,317.48,orders_export
ORD-000282,2023-03-12,east,retail,8,188.45,orders_export
ORD-000283,2023-03-12,west,wholesale,4,111.75,orders_export
ORD-000284,2023-03-13,north,online,23,569.92,orders_export
ORD-000285,2023-03-13,south,retail,12,310.42,orders_export
ORD-000286,2023-03-13,east,wholesale,7,182.63,orders_export
ORD-000287,2023-03-13,west,online,5,122.31,orders_export
ORD-000288,2023-03-14,north,retail,23,576.6,orders_export
ORD-000289,2023-03-14,south,wholesale,12,296.9,orders_export
ORD-000290,2023-03-14,east,online,6,160.12,orders_export
ORD-000291,2023-03-14,west,retail,5,125.37,orders_export
ORD-000292,2023-03-15,north,wholesale,22,548.4,orders_export
ORD-000293,2023-03-15,south,online,12,302.8,orders_export
ORD-000294,2023-03-15,east,retail,8,191.02,orders_export
ORD-000295,2023-03-15,west,wholesale,5,123.19,orders_export
ORD-000296,2023-03-16,north,online,25,628.96,orders_export
ORD-000297,2023-03-16,south,retail,12,292.25,orders_export
ORD-000298,2023-03-16,east,wholesale,7,185.87,orders_export
ORD-000299,2023-03-16,west,online,5,128.45,orders_export
ORD-000300,2023-03-17,north,retail,23,582.61,orders_export
ORD-000301,2023-03-17,south,wholesale,12,291.11,orders_export
ORD-000302,2023-03-17,east,online,7,180.26,orders_export
ORD-000303,2023-03-17,west,retail,5,121.71,orders_export
ORD-000304,2023-03-18,north,wholesale,25,615.7,orders_export
ORD-000305,2023-03-18,south,online,12,306.86,orders_export
ORD-000306,2023-03-18,east,retail,8,192.95,orders_export
ORD-000307,2023-03-18,west,wholesale,5,133.04,orders_export
ORD-000308,2023-03-19,north,online,21,519.64,orders_export
ORD-000309,2023-03-19,south,retail,12,309.53,orders_export
ORD-000310,2023-03-19,east,wholesale,8,189.15,orders_export
ORD-000311,2023-03-19,west,online,4,103.34,orders_export
ORD-000312,2023-03-20,north,retail,23,583.24,orders_export
ORD-000313,2023-03-20,south,wholesale,12,304.23,orders_export
ORD-000314,2023-03-20,east,online,7,177.2,orders_export
ORD-000315,2023-03-20,west,retail,5,120.02,orders_export
ORD-000316,2023-03-21,north,wholesale,26,647.73,orders_export
ORD-000317,2023-03-21,south,online,12,290.53,orders_export
ORD-000318,2023-03-21,east,retail,8,190.19,orders_export
ORD-000319,2023-03-21,west,wholesale,4,109.92,orders_export
ORD-000320,2023-03-22,north,online,24,590.4,orders_export
ORD-000321,2023-03-22,south,retail,11,287.07,orders_export
ORD-000322,2023-03-22,east,wholesale,8,192.52,orders_export
ORD-000323,2023-03-22,west,online,4,110.64,orders_export
ORD-000324,2023-03-23,north,retail,23,566.66,orders_export
ORD-000325,2023-03-23,south,wholesale,14,342.54,orders_export
ORD-000326,2023-03-23,east,online,7,167.12,orders_export
ORD-000327,2023-03-23,west,retail,5,123.98,orders_export
ORD-000328,2023-03-24,north,wholesale,24,609.74,orders_export
ORD-000329,2023-03-24,south,online,11,278.93,orders_export
ORD-000330,2023-03-24,east,retail,7,181.4,orders_export
ORD-000331,2023-03-24,west,wholesale,5,114.66,orders_export
ORD-000332,2023-03-25,north,online,26,644.49,orders_export
ORD-000333,2023-03-25,south,retail,12,300.36,orders_export
ORD-000334,2023-03-25,east,wholesale,7,167.25,orders_export
ORD-000335,2023-03-25,west,online,5,120.86,orders_export
ORD-000336,2023-03-26,north,retail,26,652.76,orders_export
ORD-000337,2023-03-26,south,wholesale,13,315.71,orders_export
ORD-000338,2023-03-26,east,online,8,189.03,orders_export
ORD-000339,2023-03-26,west,retail,5,122.38,orders_export
ORD-000340,2023-03-27,north,wholesale,24,590.68,orders_export
ORD-000341,2023-03-27,south,online,11,286.65,orders_export
ORD-000342,2023-03-27,east,retail,7,165.8,orders_export
ORD-000343,2023-03-27,west,wholesale,5,125.96,orders_export
ORD-000344,2023-03-28,north,online,22,551.42,orders_export
ORD-000345,2023-03-28,south,retail,12,303.4,orders_export
ORD-000346,2023-03-28,east,wholesale,7,185.08,orders_export
ORD-000347,2023-03-28,west,online,5,125.2,orders_export
ORD-000348,2023-03-29,north,retail,23,572.36,orders_export
ORD-000349,2023-03-29,south,wholesale,13,325.28,orders_export
ORD-000350,2023-03-29,east,online,7,185.47,orders_export
ORD-000351,2023-03-29,west,retail,5,112.91,orders_export
ORD-000352,2023-03-30,north,wholesale,24,593.47,orders_export
ORD-000353,2023-03-30,south,online,12,301.73,orders_export
ORD-000354,2023-03-30,east,retail,7,180.89,orders_export
ORD-000355,2023-03-30,west,wholesale,5,119.23,orders_export
ORD-000356,2023-03-31,north,online,24,602.5,orders_export
ORD-000357,2023-03-31,south,retail,12,287.87,orders_export
ORD-000358,2023-03-31,east,wholesale,9,219.16,orders_export
ORD-000359,2023-03-31,west,online,5,115.73,orders_export
ORD-000360,2023-04-01,north,retail,24,594.58,orders_export
ORD-000361,2023-04-01,south,wholesale,12,307.97,orders_export
ORD-000362,2023-04-01,east,online,8,191.5,orders_export
ORD-000363,2023-04-01,west,retail,5,121.77,orders_export
ORD-000364,2023-04-02,north,wholesale,25,632.19,orders_export
ORD-000365,2023-04-02,south,online,13,322.52,orders_export
ORD-000366,2023-04-02,east,retail,7,186.72,orders_export
ORD-000367,2023-04-02,west,wholesale,5,118.79,orders_export
ORD-000368,2023-04-03,north,online,26,641.58,orders_export
ORD-000369,2023-04-03,south,retail,11,283.17,orders_export
ORD-000370,2023-04-03,east,wholesale,7,183.38,orders_export
ORD-000371,2023-04-03,west,online,5,117.41,orders_export
ORD-000372,2023-04-04,north,retail,24,596.81,orders_export
ORD-000373,2023-04-04,south,wholesale,12,301.26,orders_export
ORD-000374,2023-04-04,east,online,7,175.43,orders_export
ORD-000375,2023-04-04,west,retail,4,110.24,orders_export
ORD-000376,2023-04-05,north,wholesale,24,596.27,orders_export
ORD-000377,2023-04-05,south,online,11,269.3,orders_export
ORD-000378,2023-04-05,east,retail,7,180.71,orders_export
ORD-000379,2023-04-05,west,wholesale,5,125.41,orders_export
ORD-000380,2023-04-06,north,online,28,699.77,orders_export
ORD-000381,2023-04-06,south,retail,13,322.8,orders_export
ORD-000382,2023-04-06,east,wholesale,8,203.19,orders_export
ORD-000383,2023-04-06,west,online,5,114.89,orders_export
ORD-000384,2023-04-07,north,retail,23,573.46,orders_export
ORD-000385,2023-04-07,south,wholesale,12,299.86,orders_export
ORD-000386,2023-04-07,east,online,7,168.45,orders_export
ORD-000387,2023-04-07,west,retail,5,113.71,orders_export
ORD-000388,2023-04-08,north,wholesale,24,592.69,orders_export
ORD-000389,2023-04-08,south,online,12,297.94,orders_export
ORD-000390,2023-04-08,east,retail,7,167.15,orders_export
ORD-000391,2023-04-08,west,wholesale,5,126.75,orders_export
ORD-000392,2023-04-09,north,online,25,618.63,orders_export
ORD-000393,2023-04-09,south,retail,12,288.78,orders_export
ORD-000394,2023-04-09,east,wholesale,7,167.37,orders_export
ORD-000395,2023-04-09,west,online,5,119.03,orders_export
ORD-000396,2023-04-10,north,retail,25,635.66,orders_export
ORD-000397,2023-04-10,south,wholesale,12,306.27,orders_export
ORD-000398,2023-04-10,east,online,6,158.14,orders_export
ORD-000399,2023-04-10,west,retail,5,118.48,orders_export
ORD-000400,2023-04-11,north,wholesale,24,587.76,orders_export
ORD-000401,2023-04-11,south,online,13,335.26,orders_export
ORD-000402,2023-04-11,east,retail,7,168.39,orders_export
ORD-000403,2023-04-11,west,wholesale,4,111.16,orders_export
ORD-000404,2023-04-12,north,online,24,589.28,orders_export
ORD-000405,2023-04-12,south,retail,14,341.27,orders_export
ORD-000406,2023-04-12,east,wholesale,8,192.69,orders_export
ORD-000407,2023-04-12,west,online,5,124.72,orders_export
ORD-000408,2023-04-13,north,retail,24,593.35,orders_export
ORD-000409,2023-04-13,south,wholesale,12,311.13,orders_export
ORD-000410,2023-04-13,east,online,8,188.03,orders_export
ORD-000411,2023-04-13,west,retail,5,123.42,orders_export
ORD-000412,2023-04-14,north,wholesale,26,657.28,orders_export
ORD-000413,2023-04-14,south,online,13,320.74,orders_export
ORD-000414,2023-04-14,east,retail,8,188.07,orders_export
ORD-000415,2023-04-14,west,wholesale,5,134.76,orders_export
ORD-000416,2023-04-15,north,online,27,675.08,orders_export
ORD-000417,2023-04-15,south,retail,13,326.46,orders_export
ORD-000418,2023-04-15,east,wholesale,7,163.58,orders_export
ORD-000419,2023-04-15,west,online,5,129.27,orders_export
ORD-000420,2023-04-16,north,retail,24,595.12,orders_export
ORD-000421,2023-04-16,south,wholesale,13,314.67,orders_export
ORD-000422,2023-04-16,east,online,6,161.72,orders_export
ORD-000423,2023-04-16,west,retail,5,114.09,orders_export
ORD-000424,2023-04-17,north,wholesale,25,625.13,orders_export
ORD-000425,2023-04-17,south,online,12,292.77,orders_export
ORD-000426,2023-04-17,east,retail,8,198.39,orders_export
ORD-000427,2023-04-17,west,wholesale,4,112.46,orders_export
ORD-000428,2023-04-18,north,online,23,573.46,orders_export
ORD-000429,2023-04-18,south,retail,13,325.53,orders_export
ORD-000430,2023-04-18,east,wholesale,6,161.66,orders_export
ORD-000431,2023-04-18,west,online,5,118.1,orders_export
ORD-000432,2023-04-19,north,retail,24,606.83,orders_export
ORD-000433,2023-04-19,south,wholesale,13,325.03,orders_export
ORD-000434,2023-04-19,east,online,8,201.29,orders_export
ORD-000435,2023-04-19,west,retail,5,129.92,orders_export
ORD-000436,2023-04-20,north,wholesale,23,572.89,orders_export
ORD-000437,2023-04-20,south,online,12,294.51,orders_export
ORD-000438,2023-04-20,east,retail,7,181.38,orders_export
ORD-000439,2023-04-20,west,wholesale,5,127.09,orders_export
ORD-000440,2023-04-21,north,online,24,601.47,orders_export
ORD-000441,2023-04-21,south,retail,11,276.24,orders_export
ORD-000442,2023-04-21,east,wholesale,8,189.95,orders_export
ORD-000443,2023-04-21,west,online,5,125.79,orders_export
ORD-000444,2023-04-22,north,retail,23,568.47,orders_export
ORD-000445,2023-04-22,south,wholesale,13,314.68,orders_export
ORD-000446,2023-04-22,east,online,7,185.17,orders_export
ORD-000447,2023-04-22,west,retail,5,131.68,orders_export
ORD-000448,2023-04-23,north,wholesale,26,649.7,orders_export
ORD-000449,2023-04-23,south,online,12,308.68,orders_export
ORD-000450,2023-04-23,east,retail,7,183.51,orders_export
ORD-000451,2023-04-23,west,wholesale,5,118.06,orders_export
ORD-000452,2023-04-24,north,online,25,634.69,orders_export
ORD-000453,2023-04-24,south,retail,12,296.91,orders_export
ORD-000454,2023-04-24,east,wholesale,8,187.82,orders_export
ORD-000455,2023-04-24,west,online,5,112.98,orders_export
ORD-000456,2023-04-25,north,retail,27,686.52,orders_export
ORD-000457,2023-04-25,south,wholesale,12,310.75,orders_export
ORD-000458,2023-04-25,east,online,7,175.51,orders_export
ORD-000459,2023-04-25,west,retail,5,123.11,orders_export
ORD-000460,2023-04-26,north,wholesale,23,577.63,orders_export
ORD-000461,2023-04-26,south,online,12,301.44,orders_export
ORD-000462,2023-04-26,east,retail,8,197.0,orders_export
ORD-000463,2023-04-26,west,wholesale,5,120.33,orders_export
ORD-000464,2023-04-27,north,online,26,641.58,orders_export
ORD-000465,2023-04-27,south,retail,12,300.36,orders_export
ORD-000466,2023-04-27,east,wholesale,8,191.62,orders_export
ORD-000467,2023-04-27,west,online,5,132.92,orders_export
ORD-000468,2023-04-28,north,retail,28,709.8,orders_export
ORD-000469,2023-04-28,south,wholesale,12,309.79,orders_export
ORD-000470,2023-04-28,east,online,7,171.11,orders_export
ORD-000471,2023-04-28,west,retail,6,137.66,orders_export
ORD-000472,2023-04-29,north,wholesale,23,580.29,orders_export
ORD-000473,2023-04-29,south,online,12,304.42,orders_export
ORD-000474,2023-04-29,east,retail,8,200.94,orders_export
ORD-000475,2023-04-29,west,wholesale,5,128.49,orders_export
ORD-000476,2023-04-30,north,online,25,615.02,orders_export
ORD-000477,2023-04-30,south,retail,12,304.49,orders_export
ORD-000478,2023-04-30,east,wholesale,7,171.91,orders_export
ORD-000479,2023-04-30,west,online,5,124.36,orders_export
ORD-000480,2023-05-01,north,retail,24,593.04,orders_export
ORD-000481,2023-05-01,south,wholesale,13,317.72,orders_export
ORD-000482,2023-05-01,east,online,7,179.54,orders_export
ORD-000483,2023-05-01,west,retail,5,115.32,orders_export
ORD-000484,2023-05-02,north,wholesale,23,566.57,orders_export
ORD-000485,2023-05-02,south,online,13,317.63,orders_export
ORD-000486,2023-05-02,east,retail,8,189.53,orders_export
ORD-000487,2023-05-02,west,wholesale,5,117.5,orders_export
ORD-000488,2023-05-03,north,online,26,656.66,orders_export
ORD-000489,2023-05-03,south,retail,11,263.35,orders_export
ORD-000490,2023-05-03,east,wholesale,7,165.41,orders_export
ORD-000491,2023-05-03,west,online,5,129.54,orders_export
ORD-000492,2023-05-04,north,retail,24,609.0,orders_export
ORD-000493,2023-05-04,south,wholesale,12,299.87,orders_export
ORD-000494,2023-05-04,east,online,7,184.07,orders_export
ORD-000495,2023-05-04,west,retail,5,121.7,orders_export
ORD-000496,2023-05-05,north,wholesale,24,587.77,orders_export
ORD-000497,2023-05-05,south,online,13,326.23,orders_export
ORD-000498,2023-05-05,east,retail,8,191.62,orders_export
ORD-000499,2023-05-05,west,wholesale,5,121.54,orders_export
ORD-000500,2023-05-06,north,online,23,not recorded,orders_export
ORD-000501,2023-05-06,south,retail,12,not recorded,orders_export
ORD-000502,2023-05-06,east,wholesale,8,not recorded,orders_export
ORD-000503,2023-05-06,west,online,5,not recorded,orders_export
ORD-000504,2023-05-07,north,retail,23,not recorded,orders_export
ORD-000505,2023-05-07,south,wholesale,13,not recorded,orders_export
ORD-000506,2023-05-07,east,online,7,not recorded,orders_export
ORD-000507,2023-05-07,west,retail,5,not recorded,orders_export
ORD-000508,2023-05-08,north,wholesale,26,not recorded,orders_export
ORD-000509,2023-05-08,south,online,12,not recorded,orders_export
ORD-000510,2023-05-08,east,retail,6,not recorded,orders_export
ORD-000511,2023-05-08,west,wholesale,4,not recorded,orders_export
ORD-000512,2023-05-09,north,online,22,not recorded,orders_export
ORD-000513,2023-05-09,south,retail,12,not recorded,orders_export
ORD-000514,2023-05-09,east,wholesale,8,not recorded,orders_export
ORD-000515,2023-05-09,west,online,5,not recorded,orders_export
ORD-000516,2023-05-10,north,retail,26,not recorded,orders_export
ORD-000517,2023-05-10,south,wholesale,13,not recorded,orders_export
ORD-000518,2023-05-10,east,online,8,not recorded,orders_export
ORD-000519,2023-05-10,west,retail,5,not recorded,orders_export
ORD-000520,2023-05-11,north,wholesale,24,not recorded,orders_export
ORD-000521,2023-05-11,south,online,12,not recorded,orders_export
ORD-000522,2023-05-11,east,retail,7,not recorded,orders_export
ORD-000523,2023-05-11,west,wholesale,5,not recorded,orders_export
ORD-000524,2023-05-12,north,online,22,not recorded,orders_export
ORD-000525,2023-05-12,south,retail,13,319.03,orders_export
ORD-000526,2023-05-12,east,wholesale,7,178.34,orders_export
ORD-000527,2023-05-12,west,online,5,115.0,orders_export
ORD-000528,2023-05-13,north,retail,26,652.28,orders_export
ORD-000529,2023-05-13,south,wholesale,13,320.42,orders_export
ORD-000530,2023-05-13,east,online,7,169.19,orders_export
ORD-000531,2023-05-13,west,retail,5,123.47,orders_export
ORD-000532,2023-05-14,north,wholesale,27,677.48,orders_export
ORD-000533,2023-05-14,south,online,12,308.4,orders_export
ORD-000534,2023-05-14,east,retail,8,196.46,orders_export
ORD-000535,2023-05-14,west,wholesale,5,122.85,orders_export
ORD-000536,2023-05-15,north,online,24,587.84,orders_export
ORD-000537,2023-05-15,south,retail,12,310.63,orders_export
ORD-000538,2023-05-15,east,wholesale,7,183.99,orders_export
ORD-000539,2023-05-15,west,online,5,126.52,orders_export
ORD-000540,2023-05-16,north,retail,25,619.3,orders_export
ORD-000541,2023-05-16,south,wholesale,13,317.81,orders_export
ORD-000542,2023-05-16,east,online,7,179.43,orders_export
ORD-000543,2023-05-16,west,retail,5,114.11,orders_export
ORD-000544,2023-05-17,north,wholesale,24,603.57,orders_export
ORD-000545,2023-05-17,south,online,13,316.66,orders_export
ORD-000546,2023-05-17,east,retail,8,196.31,orders_export
ORD-000547,2023-05-17,west,wholesale,5,124.33,orders_export
ORD-000548,2023-05-18,north,online,23,572.6,orders_export
ORD-000549,2023-05-18,south,retail,13,316.64,orders_export
ORD-000550,2023-05-18,east,wholesale,8,197.07,orders_export
ORD-000551,2023-05-18,west,online,5,131.58,orders_export
ORD-000552,2023-05-19,north,retail,24,603.64,orders_export
ORD-000553,2023-05-19,south,wholesale,14,341.36,orders_export
ORD-000554,2023-05-19,east,online,7,186.74,orders_export
ORD-000555,2023-05-19,west,retail,5,116.15,orders_export
ORD-000556,2023-05-20,north,wholesale,25,628.37,orders_export
ORD-000557,2023-05-20,south,online,12,306.2,orders_export
ORD-000558,2023-05-20,east,retail,7,164.69,orders_export
ORD-000559,2023-05-20,west,wholesale,4,105.36,orders_export
ORD-000560,2023-05-21,north,online,25,620.14,orders_export
ORD-000561,2023-05-21,south,retail,14,344.77,orders_export
ORD-000562,2023-05-21,east,wholesale,8,198.93,orders_export
ORD-000563,2023-05-21,west,online,6,140.14,orders_export
ORD-000564,2023-05-22,north,retail,23,586.44,orders_export
ORD-000565,2023-05-22,south,wholesale,12,287.61,orders_export
ORD-000566,2023-05-22,east,online,7,182.51,orders_export
ORD-000567,2023-05-22,west,retail,5,120.64,orders_export
ORD-000568,2023-05-23,north,wholesale,26,638.71,orders_export
ORD-000569,2023-05-23,south,online,13,326.87,orders_export
ORD-000570,2023-05-23,east,retail,7,174.87,orders_export
ORD-000571,2023-05-23,west,wholesale,4,111.47,orders_export
ORD-000572,2023-05-24,north,online,26,646.77,orders_export
ORD-000573,2023-05-24,south,retail,13,316.77,orders_export
ORD-000574,2023-05-24,east,wholesale,7,175.71,orders_export
ORD-000575,2023-05-24,west,online,5,127.4,orders_export
ORD-000576,2023-05-25,north,retail,25,632.01,orders_export
ORD-000577,2023-05-25,south,wholesale,12,288.4,orders_export
ORD-000578,2023-05-25,east,online,7,178.45,orders_export
ORD-000579,2023-05-25,west,retail,5,122.14,orders_export
ORD-000580,2023-05-26,north,wholesale,26,639.56,orders_export
ORD-000581,2023-05-26,south,online,12,303.75,orders_export
ORD-000582,2023-05-26,east,retail,8,189.77,orders_export
ORD-000583,2023-05-26,west,wholesale,4,110.71,orders_export
ORD-000584,2023-05-27,north,online,24,594.37,orders_export
ORD-000585,2023-05-27,south,retail,11,273.55,orders_export
ORD-000586,2023-05-27,east,wholesale,8,206.95,orders_export
ORD-000587,2023-05-27,west,online,5,112.76,orders_export
ORD-000588,2023-05-28,north,retail,26,657.28,orders_export
ORD-000589,2023-05-28,south,wholesale,12,296.41,orders_export
ORD-000590,2023-05-28,east,online,8,191.74,orders_export
ORD-000591,2023-05-28,west,retail,5,115.3,orders_export
ORD-000592,2023-05-29,north,wholesale,25,629.84,orders_export
ORD-000593,2023-05-29,south,online,12,307.7,orders_export
ORD-000594,2023-05-29,east,retail,7,180.01,orders_export
ORD-000595,2023-05-29,west,wholesale,5,127.77,orders_export
ORD-000596,2023-05-30,north,online,25,622.12,orders_export
ORD-000597,2023-05-30,south,retail,11,276.77,orders_export
ORD-000598,2023-05-30,east,wholesale,7,180.25,orders_export
ORD-000599,2023-05-30,west,online,5,129.62,orders_export
ORD-000600,2023-05-31,north,retail,24,601.55,orders_export
ORD-000601,2023-05-31,south,wholesale,12,310.72,orders_export
ORD-000602,2023-05-31,east,online,7,164.53,orders_export
ORD-000603,2023-05-31,west,retail,5,129.93,orders_export
ORD-000604,2023-06-01,north,wholesale,23,573.81,orders_export
ORD-000605,2023-06-01,south,online,13,315.56,orders_export
ORD-000606,2023-06-01,east,retail,8,196.3,orders_export
ORD-000607,2023-06-01,west,wholesale,4,103.86,orders_export
ORD-000608,2023-06-02,north,online,27,680.71,orders_export
ORD-000609,2023-06-02,south,retail,11,285.05,orders_export
ORD-000610,2023-06-02,east,wholesale,8,192.45,orders_export
ORD-000611,2023-06-02,west,online,5,126.57,orders_export
ORD-000612,2023-06-03,north,retail,24,605.62,orders_export
ORD-000613,2023-06-03,south,wholesale,13,318.48,orders_export
ORD-000614,2023-06-03,east,online,8,191.95,orders_export
ORD-000615,2023-06-03,west,retail,5,122.45,orders_export
ORD-000616,2023-06-04,north,wholesale,22,542.61,orders_export
ORD-000617,2023-06-04,south,online,12,294.23,orders_export
ORD-000618,2023-06-04,east,retail,7,170.96,orders_export
ORD-000619,2023-06-04,west,wholesale,4,111.27,orders_export
ORD-000620,2023-06-05,north,online,24,595.88,orders_export
ORD-000621,2023-06-05,south,retail,11,281.55,orders_export
ORD-000622,2023-06-05,east,wholesale,7,180.4,orders_export
ORD-000623,2023-06-05,west,online,5,132.17,orders_export
ORD-000624,2023-06-06,north,retail,25,637.18,orders_export
ORD-000625,2023-06-06,south,wholesale,12,305.19,orders_export
ORD-000626,2023-06-06,east,online,8,196.67,orders_export
ORD-000627,2023-06-06,west,retail,5,116.21,orders_export
ORD-000628,2023-06-07,north,wholesale,24,595.38,orders_export
ORD-000629,2023-06-07,south,online,11,285.91,orders_export
ORD-000630,2023-06-07,east,retail,8,191.03,orders_export
ORD-000631,2023-06-07,west,wholesale,5,116.26,orders_export
ORD-000632,2023-06-08,north,online,25,635.31,orders_export
ORD-000633,2023-06-08,south,retail,12,298.87,orders_export
ORD-000634,2023-06-08,east,wholesale,7,181.18,orders_export
ORD-000635,2023-06-08,west,online,5,129.54,orders_export
ORD-000636,2023-06-09,north,retail,25,619.51,orders_export
ORD-000637,2023-06-09,south,wholesale,11,282.53,orders_export
ORD-000638,2023-06-09,east,online,7,182.05,orders_export
ORD-000639,2023-06-09,west,retail,4,109.52,orders_export
ORD-000640,2023-06-10,north,wholesale,25,615.93,orders_export
ORD-000641,2023-06-10,south,online,12,310.06,orders_export
ORD-000642,2023-06-10,east,retail,7,171.74,orders_export
ORD-000643,2023-06-10,west,wholesale,5,129.19,orders_export
ORD-000644,2023-06-11,north,online,23,577.95,orders_export
ORD-000645,2023-06-11,south,retail,12,307.77,orders_export
ORD-000646,2023-06-11,east,wholesale,6,159.33,orders_export
ORD-000647,2023-06-11,west,online,4,112.45,orders_export
ORD-000648,2023-06-12,north,retail,26,643.26,orders_export
ORD-000649,2023-06-12,south,wholesale,12,301.32,orders_export
ORD-000650,2023-06-12,east,online,6,152.89,orders_export
ORD-000651,2023-06-12,west,retail,4,111.15,orders_export
ORD-000652,2023-06-13,north,wholesale,24,610.87,orders_export
ORD-000653,2023-06-13,south,online,11,274.58,orders_export
ORD-000654,2023-06-13,east,retail,7,184.37,orders_export
ORD-000655,2023-06-13,west,wholesale,5,122.57,orders_export
ORD-000656,2023-06-14,north,online,22,560.77,orders_export
ORD-000657,2023-06-14,south,retail,12,298.74,orders_export
ORD-000658,2023-06-14,east,wholesale,8,195.78,orders_export
ORD-000659,2023-06-14,west,online,5,117.26,orders_export
ORD-000660,2023-06-15,north,retail,28,697.27,orders_export
ORD-000661,2023-06-15,south,wholesale,13,324.81,orders_export
ORD-000662,2023-06-15,east,online,7,181.02,orders_export
ORD-000663,2023-06-15,west,retail,4,102.15,orders_export
ORD-000664,2023-06-16,north,wholesale,22,554.29,orders_export
ORD-000665,2023-06-16,south,online,12,300.24,orders_export
ORD-000666,2023-06-16,east,retail,7,173.93,orders_export
ORD-000667,2023-06-16,west,wholesale,5,135.06,orders_export
ORD-000668,2023-06-17,north,online,23,573.27,orders_export
ORD-000669,2023-06-17,south,retail,11,280.64,orders_export
ORD-000670,2023-06-17,east,wholesale,7,180.35,orders_export
ORD-000671,2023-06-17,west,online,5,114.29,orders_export
ORD-000672,2023-06-18,north,retail,24,587.94,orders_export
ORD-000673,2023-06-18,south,wholesale,12,299.07,orders_export
ORD-000674,2023-06-18,east,online,7,164.42,orders_export
ORD-000675,2023-06-18,west,retail,5,133.93,orders_export
ORD-000676,2023-06-19,north,wholesale,24,591.88,orders_export
ORD-000677,2023-06-19,south,online,11,282.52,orders_export
ORD-000678,2023-06-19,east,retail,7,177.01,orders_export
ORD-000679,2023-06-19,west,wholesale,5,133.9,orders_export
ORD-000680,2023-06-20,north,online,24,607.93,orders_export
ORD-000681,2023-06-20,south,retail,12,294.01,orders_export
ORD-000682,2023-06-20,east,wholesale,7,163.11,orders_export
ORD-000683,2023-06-20,west,online,4,110.63,orders_export
ORD-000684,2023-06-21,north,retail,24,594.62,orders_export
ORD-000685,2023-06-21,south,wholesale,12,300.65,orders_export
ORD-000686,2023-06-21,east,online,8,190.37,orders_export
ORD-000687,2023-06-21,west,retail,4,110.34,orders_export
ORD-000688,2023-06-22,north,wholesale,24,595.18,orders_export
ORD-000689,2023-06-22,south,online,12,304.36,orders_export
ORD-000690,2023-06-22,east,retail,7,178.14,orders_export
ORD-000691,2023-06-22,west,wholesale,5,112.75,orders_export
ORD-000692,2023-06-23,north,online,24,600.82,orders_export
ORD-000693,2023-06-23,south,retail,11,277.22,orders_export
ORD-000694,2023-06-23,east,wholesale,8,190.33,orders_export
ORD-000695,2023-06-23,west,online,5,114.13,orders_export
ORD-000696,2023-06-24,north,retail,22,556.54,orders_export
ORD-000697,2023-06-24,south,wholesale,11,277.88,orders_export
ORD-000698,2023-06-24,east,online,7,174.45,orders_export
ORD-000699,2023-06-24,west,retail,4,111.04,orders_export
ORD-000700,2023-06-25,north,wholesale,24,598.04,orders_export
ORD-000701,2023-06-25,south,online,13,313.81,orders_export
ORD-000702,2023-06-25,east,retail,7,178.84,orders_export
ORD-000703,2023-06-25,west,wholesale,5,115.05,orders_export
ORD-000704,2023-06-26,north,online,23,572.82,orders_export
ORD-000705,2023-06-26,south,retail,12,300.22,orders_export
ORD-000706,2023-06-26,east,wholesale,7,179.82,orders_export
ORD-000707,2023-06-26,west,online,5,113.07,orders_export
ORD-000708,2023-06-27,north,retail,25,622.4,orders_export
ORD-000709,2023-06-27,south,wholesale,14,338.9,orders_export
ORD-000710,2023-06-27,east,online,7,177.85,orders_export
ORD-000711,2023-06-27,west,retail,5,119.53,orders_export
ORD-000712,2023-06-28,north,wholesale,23,575.23,orders_export
ORD-000713,2023-06-28,south,online,12,291.38,orders_export
ORD-000714,2023-06-28,east,retail,6,159.14,orders_export
ORD-000715,2023-06-28,west,wholesale,5,126.49,orders_export
ORD-000716,2023-06-29,north,online,25,630.18,orders_export
ORD-000717,2023-06-29,south,retail,13,318.3,orders_export
ORD-000718,2023-06-29,east,wholesale,7,162.77,orders_export
ORD-000719,2023-06-29,west,online,5,125.13,orders_export
ORD-000720,2023-06-30,north,retail,26,662.44,orders_export
ORD-000721,2023-06-30,south,wholesale,12,312.43,orders_export
ORD-000722,2023-06-30,east,online,8,192.48,orders_export
ORD-000723,2023-06-30,west,retail,4,111.31,orders_export
ORD-000724,2023-07-01,north,wholesale,24,611.09,orders_export
ORD-000725,2023-07-01,south,online,11,286.97,orders_export
ORD-000726,2023-07-01,east,retail,7,170.58,orders_export
ORD-000727,2023-07-01,west,wholesale,5,114.55,orders_export
ORD-000728,2023-07-02,north,online,22,543.64,orders_export
ORD-000729,2023-07-02,south,retail,11,278.51,orders_export
ORD-000730,2023-07-02,east,wholesale,7,179.21,orders_export
ORD-000731,2023-07-02,west,online,5,116.66,orders_export
ORD-000732,2023-07-03,north,retail,21,536.72,orders_export
ORD-000733,2023-07-03,south,wholesale,12,303.78,orders_export
ORD-000734,2023-07-03,east,online,7,172.08,orders_export
ORD-000735,2023-07-03,west,retail,5,114.81,orders_export
ORD-000736,2023-07-04,north,wholesale,22,555.88,orders_export
ORD-000737,2023-07-04,south,online,11,280.39,orders_export
ORD-000738,2023-07-04,east,retail,7,174.09,orders_export
ORD-000739,2023-07-04,west,wholesale,4,106.35,orders_export
ORD-000740,2023-07-05,north,online,24,599.61,orders_export
ORD-000741,2023-07-05,south,retail,12,290.71,orders_export
ORD-000742,2023-07-05,east,wholesale,7,167.08,orders_export
ORD-000743,2023-07-05,west,online,5,124.18,orders_export
ORD-000744,2023-07-06,north,retail,25,617.02,orders_export
ORD-000745,2023-07-06,south,wholesale,10,257.63,orders_export
ORD-000746,2023-07-06,east,online,7,172.85,orders_export
ORD-000747,2023-07-06,west,retail,4,109.54,orders_export
ORD-000748,2023-07-07,north,wholesale,25,620.41,orders_export
ORD-000749,2023-07-07,south,online,12,294.68,orders_export
ORD-000750,2023-07-07,east,retail,8,199.74,orders_export
ORD-000751,2023-07-07,west,wholesale,5,117.18,orders_export
ORD-000752,2023-07-08,north,online,25,623.25,orders_export
ORD-000753,2023-07-08,south,retail,12,305.58,orders_export
ORD-000754,2023-07-08,east,wholesale,7,186.46,orders_export
ORD-000755,2023-07-08,west,online,5,113.38,orders_export
ORD-000756,2023-07-09,north,retail,22,544.65,orders_export
ORD-000757,2023-07-09,south,wholesale,13,321.31,orders_export
ORD-000758,2023-07-09,east,online,7,164.66,orders_export
ORD-000759,2023-07-09,west,retail,5,124.2,orders_export
ORD-000760,2023-07-10,north,wholesale,24,592.53,orders_export
ORD-000761,2023-07-10,south,online,12,298.11,orders_export
ORD-000762,2023-07-10,east,retail,7,179.49,orders_export
ORD-000763,2023-07-10,west,wholesale,4,107.37,orders_export
ORD-000764,2023-07-11,north,online,23,585.05,orders_export
ORD-000765,2023-07-11,south,retail,12,292.65,orders_export
ORD-000766,2023-07-11,east,wholesale,7,176.44,orders_export
ORD-000767,2023-07-11,west,online,5,114.05,orders_export
ORD-000768,2023-07-12,north,retail,26,647.53,orders_export
ORD-000769,2023-07-12,south,wholesale,11,280.47,orders_export
ORD-000770,2023-07-12,east,online,6,156.98,orders_export
ORD-000771,2023-07-12,west,retail,5,120.66,orders_export
ORD-000772,2023-07-13,north,wholesale,22,561.43,orders_export
ORD-000773,2023-07-13,south,online,12,295.6,orders_export
ORD-000774,2023-07-13,east,retail,7,163.26,orders_export
ORD-000775,2023-07-13,west,wholesale,4,109.56,orders_export
ORD-000776,2023-07-14,north,online,22,546.85,orders_export
ORD-000777,2023-07-14,south,retail,12,299.62,orders_export
ORD-000778,2023-07-14,east,wholesale,7,179.54,orders_export
ORD-000779,2023-07-14,west,online,5,120.22,orders_export
ORD-000780,2023-07-15,north,retail,23,562.54,orders_export
ORD-000781,2023-07-15,south,wholesale,11,278.93,orders_export
ORD-000782,2023-07-15,east,online,7,163.44,orders_export
ORD-000783,2023-07-15,west,retail,5,124.9,orders_export
ORD-000784,2023-07-16,north,wholesale,24,610.44,orders_export
ORD-000785,2023-07-16,south,online,11,275.64,orders_export
ORD-000786,2023-07-16,east,retail,7,172.4,orders_export
ORD-000787,2023-07-16,west,wholesale,5,129.67,orders_export
ORD-000788,2023-07-17,north,online,24,610.81,orders_export
ORD-000789,2023-07-17,south,retail,10,259.15,orders_export
ORD-000790,2023-07-17,east,wholesale,7,169.25,orders_export
ORD-000791,2023-07-17,west,online,5,112.5,orders_export
ORD-000792,2023-07-18,north,retail,24,596.33,orders_export
ORD-000793,2023-07-18,south,wholesale,12,290.66,orders_export
ORD-000794,2023-07-18,east,online,7,170.42,orders_export
ORD-000795,2023-07-18,west,retail,5,125.45,orders_export
ORD-000796,2023-07-19,north,wholesale,21,533.01,orders_export
ORD-000797,2023-07-19,south,online,11,266.18,orders_export
ORD-000798,2023-07-19,east,retail,7,182.29,orders_export
ORD-000799,2023-07-19,west,wholesale,5,124.27,orders_export
ORD-000800,2023-07-20,north,online,24,600.61,orders_export
ORD-000801,2023-07-20,south,retail,12,292.83,orders_export
ORD-000802,2023-07-20,east,wholesale,7,180.32,orders_export
ORD-000803,2023-07-20,west,online,5,114.88,orders_export
ORD-000804,2023-07-21,north,retail,23,577.0,orders_export
ORD-000805,2023-07-21,south,wholesale,12,294.39,orders_export
ORD-000806,2023-07-21,east,online,7,176.58,orders_export
ORD-000807,2023-07-21,west,retail,5,115.34,orders_export
ORD-000808,2023-07-22,north,wholesale,23,568.09,orders_export
ORD-000809,2023-07-22,south,online,13,316.03,orders_export
ORD-000810,2023-07-22,east,retail,7,170.67,orders_export
ORD-000811,2023-07-22,west,wholesale,5,119.92,orders_export
ORD-000812,2023-07-23,north,online,23,582.86,orders_export
ORD-000813,2023-07-23,south,retail,11,277.74,orders_export
ORD-000814,2023-07-23,east,wholesale,7,172.29,orders_export
ORD-000815,2023-07-23,west,online,5,112.69,orders_export
ORD-000816,2023-07-24,north,retail,21,513.58,orders_export
ORD-000817,2023-07-24,south,wholesale,12,303.5,orders_export
ORD-000818,2023-07-24,east,online,7,163.6,orders_export
ORD-000819,2023-07-24,west,retail,5,115.38,orders_export
ORD-000820,2023-07-25,north,wholesale,25,619.77,orders_export
ORD-000821,2023-07-25,south,online,10,252.49,orders_export
ORD-000822,2023-07-25,east,retail,7,166.88,orders_export
ORD-000823,2023-07-25,west,wholesale,5,115.56,orders_export
ORD-000824,2023-07-26,north,online,23,579.7,orders_export
ORD-000825,2023-07-26,south,retail,11,282.64,orders_export
ORD-000826,2023-07-26,east,wholesale,7,167.9,orders_export
ORD-000827,2023-07-26,west,online,4,108.71,orders_export
ORD-000828,2023-07-27,north,retail,24,591.31,orders_export
ORD-000829,2023-07-27,south,wholesale,13,331.03,orders_export
ORD-000830,2023-07-27,east,online,7,176.88,orders_export
ORD-000831,2023-07-27,west,retail,5,122.42,orders_export
ORD-000832,2023-07-28,north,wholesale,20,488.31,orders_export
ORD-000833,2023-07-28,south,online,12,296.8,orders_export
ORD-000834,2023-07-28,east,retail,8,191.11,orders_export
ORD-000835,2023-07-28,west,wholesale,5,118.5,orders_export
ORD-000836,2023-07-29,north,online,25,626.01,orders_export
ORD-000837,2023-07-29,south,retail,12,307.68,orders_export
ORD-000838,2023-07-29,east,wholesale,7,181.38,orders_export
ORD-000839,2023-07-29,west,online,4,112.24,orders_export
ORD-000840,2023-07-30,north,retail,23,586.24,orders_export
ORD-000841,2023-07-30,south,wholesale,12,298.14,orders_export
ORD-000842,2023-07-30,east,online,6,148.93,orders_export
ORD-000843,2023-07-30,west,retail,5,117.51,orders_export
ORD-000844,2023-07-31,north,wholesale,24,598.73,orders_export
ORD-000845,2023-07-31,south,online,11,277.08,orders_export
ORD-000846,2023-07-31,east,retail,7,172.16,orders_export
ORD-000847,2023-07-31,west,wholesale,4,102.02,orders_export
ORD-000848,2023-08-01,north,online,23,565.49,orders_export
ORD-000849,2023-08-01,south,retail,12,292.94,orders_export
ORD-000850,2023-08-01,east,wholesale,7,166.37,orders_export
ORD-000851,2023-08-01,west,online,4,111.8,orders_export
ORD-000852,2023-08-02,north,retail,23,585.56,orders_export
ORD-000853,2023-08-02,south,wholesale,11,276.9,orders_export
ORD-000854,2023-08-02,east,online,7,179.84,orders_export
ORD-000855,2023-08-02,west,retail,4,107.48,orders_export
ORD-000856,2023-08-03,north,wholesale,23,563.94,orders_export
ORD-000857,2023-08-03,south,online,11,283.08,orders_export
ORD-000858,2023-08-03,east,retail,6,142.97,orders_export
ORD-000859,2023-08-03,west,wholesale,5,114.67,orders_export
ORD-000860,2023-08-04,north,online,24,610.65,orders_export
ORD-000861,2023-08-04,south,retail,11,271.23,orders_export
ORD-000862,2023-08-04,east,wholesale,7,163.21,orders_export
ORD-000863,2023-08-04,west,online,4,112.42,orders_export
ORD-000864,2023-08-05,north,retail,22,551.02,orders_export
ORD-000865,2023-08-05,south,wholesale,10,256.6,orders_export
ORD-000866,2023-08-05,east,online,7,163.29,orders_export
ORD-000867,2023-08-05,west,retail,5,125.47,orders_export
ORD-000868,2023-08-06,north,wholesale,22,560.16,orders_export
ORD-000869,2023-08-06,south,online,11,277.83,orders_export
ORD-000870,2023-08-06,east,retail,7,169.3,orders_export
ORD-000871,2023-08-06,west,wholesale,4,98.98,orders_export
ORD-000872,2023-08-07,north,online,21,518.55,orders_export
ORD-000873,2023-08-07,south,retail,11,286.81,orders_export
ORD-000874,2023-08-07,east,wholesale,7,169.36,orders_export
ORD-000875,2023-08-07,west,online,4,98.46,orders_export
ORD-000876,2023-08-08,north,retail,25,622.38,orders_export
ORD-000877,2023-08-08,south,wholesale,12,290.89,orders_export
ORD-000878,2023-08-08,east,online,6,160.93,orders_export
ORD-000879,2023-08-08,west,retail,4,97.23,orders_export
ORD-000880,2023-08-09,north,wholesale,24,606.86,orders_export
ORD-000881,2023-08-09,south,online,11,276.0,orders_export
ORD-000882,2023-08-09,east,retail,7,167.23,orders_export
ORD-000883,2023-08-09,west,wholesale,5,115.05,orders_export
ORD-000884,2023-08-10,north,online,22,539.05,orders_export
ORD-000885,2023-08-10,south,retail,12,309.64,orders_export
ORD-000886,2023-08-10,east,wholesale,6,158.88,orders_export
ORD-000887,2023-08-10,west,online,5,114.52,orders_export
ORD-000888,2023-08-11,north,retail,24,588.1,orders_export
ORD-000889,2023-08-11,south,wholesale,11,269.39,orders_export
ORD-000890,2023-08-11,east,online,6,161.6,orders_export
ORD-000891,2023-08-11,west,retail,4,109.37,orders_export
ORD-000892,2023-08-12,north,wholesale,23,581.99,orders_export
ORD-000893,2023-08-12,south,online,11,264.18,orders_export
ORD-000894,2023-08-12,east,retail,7,165.39,orders_export
ORD-000895,2023-08-12,west,wholesale,4,105.45,orders_export
ORD-000896,2023-08-13,north,online,20,505.0,orders_export
ORD-000897,2023-08-13,south,retail,12,295.52,orders_export
ORD-000898,2023-08-13,east,wholesale,6,150.05,orders_export
ORD-000899,2023-08-13,west,online,4,107.16,orders_export
ORD-000900,2023-08-14,north,retail,22,551.86,orders_export
ORD-000901,2023-08-14,south,wholesale,13,312.85,orders_export
ORD-000902,2023-08-14,east,online,7,169.27,orders_export
ORD-000903,2023-08-14,west,retail,4,107.89,orders_export
ORD-000904,2023-08-15,north,wholesale,20,511.05,orders_export
ORD-000905,2023-08-15,south,online,11,287.39,orders_export
ORD-000906,2023-08-15,east,retail,7,171.77,orders_export
ORD-000907,2023-08-15,west,wholesale,4,109.22,orders_export
ORD-000908,2023-08-16,north,online,20,506.49,orders_export
ORD-000909,2023-08-16,south,retail,11,276.96,orders_export
ORD-000910,2023-08-16,east,wholesale,7,179.27,orders_export
ORD-000911,2023-08-16,west,online,5,120.32,orders_export
ORD-000912,2023-08-17,north,retail,25,621.96,orders_export
ORD-000913,2023-08-17,south,wholesale,11,268.41,orders_export
ORD-000914,2023-08-17,east,online,6,155.78,orders_export
ORD-000915,2023-08-17,west,retail,5,113.6,orders_export
ORD-000916,2023-08-18,north,wholesale,25,617.23,orders_export
ORD-000917,2023-08-18,south,online,12,287.54,orders_export
ORD-000918,2023-08-18,east,retail,7,166.01,orders_export
ORD-000919,2023-08-18,west,wholesale,5,122.7,orders_export
ORD-000920,2023-08-19,north,online,23,568.85,orders_export
ORD-000921,2023-08-19,south,retail,11,266.37,orders_export
ORD-000922,2023-08-19,east,wholesale,7,166.6,orders_export
ORD-000923,2023-08-19,west,online,5,118.32,orders_export
ORD-000924,2023-08-20,north,retail,23,583.7,orders_export
ORD-000925,2023-08-20,south,wholesale,10,254.92,orders_export
ORD-000926,2023-08-20,east,online,7,168.65,orders_export
ORD-000927,2023-08-20,west,retail,4,110.77,orders_export
ORD-000928,2023-08-21,north,wholesale,22,554.35,orders_export
ORD-000929,2023-08-21,south,online,11,277.91,orders_export
ORD-000930,2023-08-21,east,retail,7,165.62,orders_export
ORD-000931,2023-08-21,west,wholesale,4,103.77,orders_export
ORD-000932,2023-08-22,north,online,23,584.14,orders_export
ORD-000933,2023-08-22,south,retail,12,303.4,orders_export
ORD-000934,2023-08-22,east,wholesale,6,155.38,orders_export
ORD-000935,2023-08-22,west,online,4,108.76,orders_export
ORD-000936,2023-08-23,north,retail,21,533.58,orders_export
ORD-000937,2023-08-23,south,wholesale,10,255.56,orders_export
ORD-000938,2023-08-23,east,online,7,175.02,orders_export
ORD-000939,2023-08-23,west,retail,5,127.16,orders_export
ORD-000940,2023-08-24,north,wholesale,22,542.74,orders_export
ORD-000941,2023-08-24,south,online,12,291.26,orders_export
ORD-000942,2023-08-24,east,retail,7,168.36,orders_export
ORD-000943,2023-08-24,west,wholesale,4,108.08,orders_export
ORD-000944,2023-08-25,north,online,22,561.56,orders_export
ORD-000945,2023-08-25,south,retail,10,256.21,orders_export
ORD-000946,2023-08-25,east,wholesale,7,169.99,orders_export
ORD-000947,2023-08-25,west,online,5,120.03,orders_export
ORD-000948,2023-08-26,north,retail,20,488.0,orders_export
ORD-000949,2023-08-26,south,wholesale,11,287.24,orders_export
ORD-000950,2023-08-26,east,online,7,166.16,orders_export
ORD-000951,2023-08-26,west,retail,5,118.32,orders_export
ORD-000952,2023-08-27,north,wholesale,22,554.42,orders_export
ORD-000953,2023-08-27,south,online,11,264.93,orders_export
ORD-000954,2023-08-27,east,retail,6,155.72,orders_export
ORD-000955,2023-08-27,west,wholesale,4,104.47,orders_export
ORD-000956,2023-08-28,north,online,22,559.96,orders_export
ORD-000957,2023-08-28,south,retail,11,271.17,orders_export
ORD-000958,2023-08-28,east,wholesale,6,150.27,orders_export
ORD-000959,2023-08-28,west,online,5,117.31,orders_export
ORD-000960,2023-08-29,north,retail,21,533.28,orders_export
ORD-000961,2023-08-29,south,wholesale,12,301.4,orders_export
ORD-000962,2023-08-29,east,online,6,159.76,orders_export
ORD-000963,2023-08-29,west,retail,5,118.73,orders_export
ORD-000964,2023-08-30,north,wholesale,23,581.86,orders_export
ORD-000965,2023-08-30,south,online,12,305.66,orders_export
ORD-000966,2023-08-30,east,retail,7,181.6,orders_export
ORD-000967,2023-08-30,west,wholesale,5,120.79,orders_export
ORD-000968,2023-08-31,north,online,22,554.4,orders_export
ORD-000969,2023-08-31,south,retail,12,294.35,orders_export
ORD-000970,2023-08-31,east,wholesale,7,168.0,orders_export
ORD-000971,2023-08-31,west,online,4,111.71,orders_export
ORD-000972,2023-09-01,north,retail,23,570.77,orders_export
ORD-000973,2023-09-01,south,wholesale,10,249.16,orders_export
ORD-000974,2023-09-01,east,online,7,165.04,orders_export
ORD-000975,2023-09-01,west,retail,4,111.8,orders_export
ORD-000976,2023-09-02,north,wholesale,23,583.79,orders_export
ORD-000977,2023-09-02,south,online,11,279.37,orders_export
ORD-000978,2023-09-02,east,retail,7,171.59,orders_export
ORD-000979,2023-09-02,west,wholesale,4,104.41,orders_export
ORD-000980,2023-09-03,north,online,21,536.36,orders_export
ORD-000981,2023-09-03,south,retail,12,298.58,orders_export
ORD-000982,2023-09-03,east,wholesale,7,175.44,orders_export
ORD-000983,2023-09-03,west,online,5,112.95,orders_export
ORD-000984,2023-09-04,north,retail,22,555.23,orders_export
ORD-000985,2023-09-04,south,wholesale,11,274.51,orders_export
ORD-000986,2023-09-04,east,online,7,173.84,orders_export
ORD-000987,2023-09-04,west,retail,5,112.99,orders_export
ORD-000988,2023-09-05,north,wholesale,20,508.42,orders_export
ORD-000989,2023-09-05,south,online,12,293.42,orders_export
ORD-000990,2023-09-05,east,retail,7,169.79,orders_export
ORD-000991,2023-09-05,west,wholesale,4,109.47,orders_export
ORD-000992,2023-09-06,north,online,21,516.24,orders_export
ORD-000993,2023-09-06,south,retail,11,280.08,orders_export
ORD-000994,2023-09-06,east,wholesale,7,174.88,orders_export
ORD-000995,2023-09-06,west,online,5,117.73,orders_export
ORD-000996,2023-09-07,north,retail,23,587.46,orders_export
ORD-000997,2023-09-07,south,wholesale,10,240.02,orders_export
ORD-000998,2023-09-07,east,online,7,171.51,orders_export
ORD-000999,2023-09-07,west,retail,4,108.74,orders_export
ORD-001000,2023-09-08,north,wholesale,22,553.19,orders_export
ORD-001001,2023-09-08,south,online,12,289.11,orders_export
ORD-001002,2023-09-08,east,retail,7,167.69,orders_export
ORD-001003,2023-09-08,west,wholesale,5,122.73,orders_export
ORD-001004,2023-09-09,north,online,22,557.09,orders_export
ORD-001005,2023-09-09,south,retail,11,279.64,orders_export
ORD-001006,2023-09-09,east,wholesale,7,164.87,orders_export
ORD-001007,2023-09-09,west,online,4,102.21,orders_export
ORD-001008,2023-09-10,north,retail,23,586.39,orders_export
ORD-001009,2023-09-10,south,wholesale,11,278.44,orders_export
ORD-001010,2023-09-10,east,online,7,170.98,orders_export
ORD-001011,2023-09-10,west,retail,5,112.55,orders_export
ORD-001012,2023-09-11,north,wholesale,21,537.4,orders_export
ORD-001013,2023-09-11,south,online,12,293.93,orders_export
ORD-001014,2023-09-11,east,retail,7,164.7,orders_export
ORD-001015,2023-09-11,west,wholesale,4,97.48,orders_export
ORD-001016,2023-09-12,north,online,23,562.72,orders_export
ORD-001017,2023-09-12,south,retail,11,280.39,orders_export
ORD-001018,2023-09-12,east,wholesale,7,167.23,orders_export
ORD-001019,2023-09-12,west,online,4,104.14,orders_export
ORD-001020,2023-09-13,north,retail,20,498.44,orders_export
ORD-001021,2023-09-13,south,wholesale,11,276.74,orders_export
ORD-001022,2023-09-13,east,online,7,166.79,orders_export
ORD-001023,2023-09-13,west,retail,5,122.68,orders_export
ORD-001024,2023-09-14,north,wholesale,21,534.62,orders_export
ORD-001025,2023-09-14,south,online,12,295.89,orders_export
ORD-001026,2023-09-14,east,retail,7,165.95,orders_export
ORD-001027,2023-09-14,west,wholesale,4,110.13,orders_export
ORD-001028,2023-09-15,north,online,22,551.32,orders_export
ORD-001029,2023-09-15,south,retail,11,277.5,orders_export
ORD-001030,2023-09-15,east,wholesale,6,156.32,orders_export
ORD-001031,2023-09-15,west,online,4,104.17,orders_export
ORD-001032,2023-09-16,north,retail,23,577.35,orders_export
ORD-001033,2023-09-16,south,wholesale,12,309.6,orders_export
ORD-001034,2023-09-16,east,online,7,169.43,orders_export
ORD-001035,2023-09-16,west,retail,4,106.88,orders_export
ORD-001036,2023-09-17,north,wholesale,21,516.59,orders_export
ORD-001037,2023-09-17,south,online,11,286.11,orders_export
ORD-001038,2023-09-17,east,retail,7,170.76,orders_export
ORD-001039,2023-09-17,west,wholesale,4,104.82,orders_export
ORD-001040,2023-09-18,north,online,19,475.59,orders_export
ORD-001041,2023-09-18,south,retail,11,278.97,orders_export
ORD-001042,2023-09-18,east,wholesale,7,176.32,orders_export
ORD-001043,2023-09-18,west,online,5,122.35,orders_export
ORD-001044,2023-09-19,north,retail,24,589.15,orders_export
ORD-001045,2023-09-19,south,wholesale,11,269.27,orders_export
ORD-001046,2023-09-19,east,online,7,163.45,orders_export
ORD-001047,2023-09-19,west,retail,4,112.42,orders_export
ORD-001048,2023-09-20,north,wholesale,21,531.32,orders_export
ORD-001049,2023-09-20,south,online,10,262.27,orders_export
ORD-001050,2023-09-20,east,retail,7,171.15,orders_export
ORD-001051,2023-09-20,west,wholesale,4,112.24,orders_export
ORD-001052,2023-09-21,north,online,21,527.82,orders_export
ORD-001053,2023-09-21,south,retail,11,265.55,orders_export
ORD-001054,2023-09-21,east,wholesale,6,152.61,orders_export
ORD-001055,2023-09-21,west,online,5,114.0,orders_export
ORD-001056,2023-09-22,north,retail,20,511.61,orders_export
ORD-001057,2023-09-22,south,wholesale,11,285.32,orders_export
ORD-001058,2023-09-22,east,online,7,171.16,orders_export
ORD-001059,2023-09-22,west,retail,4,110.91,orders_export
ORD-001060,2023-09-23,north,wholesale,22,541.77,orders_export
ORD-001061,2023-09-23,south,online,12,301.82,orders_export
ORD-001062,2023-09-23,east,retail,6,139.46,orders_export
ORD-001063,2023-09-23,west,wholesale,5,116.51,orders_export
ORD-001064,2023-09-24,north,online,23,574.65,orders_export
ORD-001065,2023-09-24,south,retail,11,272.75,orders_export
ORD-001066,2023-09-24,east,wholesale,7,172.95,orders_export
ORD-001067,2023-09-24,west,online,4,105.25,orders_export
ORD-001068,2023-09-25,north,retail,22,550.26,orders_export
ORD-001069,2023-09-25,south,wholesale,12,309.86,orders_export
ORD-001070,2023-09-25,east,online,6,157.13,orders_export
ORD-001071,2023-09-25,west,retail,4,110.46,orders_export
ORD-001072,2023-09-26,north,wholesale,21,530.41,orders_export
ORD-001073,2023-09-26,south,online,11,287.4,orders_export
ORD-001074,2023-09-26,east,retail,7,184.12,orders_export
ORD-001075,2023-09-26,west,wholesale,4,104.61,orders_export
ORD-001076,2023-09-27,north,online,23,587.48,orders_export
ORD-001077,2023-09-27,south,retail,12,291.13,orders_export
ORD-001078,2023-09-27,east,wholesale,7,166.12,orders_export
ORD-001079,2023-09-27,west,online,4,107.5,orders_export
ORD-001080,2023-09-28,north,retail,24,596.37,orders_export
ORD-001081,2023-09-28,south,wholesale,10,250.64,orders_export
ORD-001082,2023-09-28,east,online,6,160.34,orders_export
ORD-001083,2023-09-28,west,retail,5,120.2,orders_export
ORD-001084,2023-09-29,north,wholesale,23,570.2,orders_export
ORD-001085,2023-09-29,south,online,11,263.7,orders_export
ORD-001086,2023-09-29,east,retail,6,150.82,orders_export
ORD-001087,2023-09-29,west,wholesale,5,116.42,orders_export
ORD-001088,2023-09-30,north,online,24,601.17,orders_export
ORD-001089,2023-09-30,south,retail,10,255.57,orders_export
ORD-001090,2023-09-30,east,wholesale,7,163.94,orders_export
ORD-001091,2023-09-30,west,online,5,113.21,orders_export
ORD-001092,2023-10-01,north,retail,22,552.91,orders_export
ORD-001093,2023-10-01,south,wholesale,10,241.47,orders_export
ORD-001094,2023-10-01,east,online,5,136.32,orders_export
ORD-001095,2023-10-01,west,retail,5,116.74,orders_export
ORD-001096,2023-10-02,north,wholesale,21,536.72,orders_export
ORD-001097,2023-10-02,south,online,11,277.6,orders_export
ORD-001098,2023-10-02,east,retail,7,175.71,orders_export
ORD-001099,2023-10-02,west,wholesale,4,102.9,orders_export
ORD-001100,2023-10-03,north,online,24,600.91,orders_export
ORD-001101,2023-10-03,south,retail,13,313.24,orders_export
ORD-001102,2023-10-03,east,wholesale,6,156.96,orders_export
ORD-001103,2023-10-03,west,online,5,117.89,orders_export
ORD-001104,2023-10-04,north,retail,23,583.82,orders_export
ORD-001105,2023-10-04,south,wholesale,12,298.99,orders_export
ORD-001106,2023-10-04,east,online,6,147.39,orders_export
ORD-001107,2023-10-04,west,retail,4,94.22,orders_export
ORD-001108,2023-10-05,north,wholesale,23,563.02,orders_export
ORD-001109,2023-10-05,south,online,11,274.61,orders_export
ORD-001110,2023-10-05,east,retail,6,161.68,orders_export
ORD-001111,2023-10-05,west,wholesale,4,108.3,orders_export
ORD-001112,2023-10-06,north,online,24,604.37,orders_export
ORD-001113,2023-10-06,south,retail,11,276.43,orders_export
ORD-001114,2023-10-06,east,wholesale,7,173.05,orders_export
ORD-001115,2023-10-06,west,online,5,116.61,orders_export
ORD-001116,2023-10-07,north,retail,24,605.63,orders_export
ORD-001117,2023-10-07,south,wholesale,10,255.0,orders_export
ORD-001118,2023-10-07,east,online,7,168.09,orders_export
ORD-001119,2023-10-07,west,retail,5,120.27,orders_export
ORD-001120,2023-10-08,north,wholesale,25,618.61,orders_export
ORD-001121,2023-10-08,south,online,11,275.85,orders_export
ORD-001122,2023-10-08,east,retail,7,175.17,orders_export
ORD-001123,2023-10-08,west,wholesale,4,111.46,orders_export
ORD-001124,2023-10-09,north,online,24,599.96,orders_export
ORD-001125,2023-10-09,south,retail,12,291.27,orders_export
ORD-001126,2023-10-09,east,wholesale,7,168.39,orders_export
ORD-001127,2023-10-09,west,online,5,114.89,orders_export
ORD-001128,2023-10-10,north,retail,24,602.75,orders_export
ORD-001129,2023-10-10,south,wholesale,10,244.05,orders_export
ORD-001130,2023-10-10,east,online,8,188.05,orders_export
ORD-001131,2023-10-10,west,retail,4,102.32,orders_export
ORD-001132,2023-10-11,north,wholesale,23,562.94,orders_export
ORD-001133,2023-10-11,south,online,11,274.98,orders_export
ORD-001134,2023-10-11,east,retail,6,158.07,orders_export
ORD-001135,2023-10-11,west,wholesale,5,112.69,orders_export
ORD-001136,2023-10-12,north,online,25,623.1,orders_export
ORD-001137,2023-10-12,south,retail,10,258.5,orders_export
ORD-001138,2023-10-12,east,wholesale,7,169.85,orders_export
ORD-001139,2023-10-12,west,online,5,122.57,orders_export
ORD-001140,2023-10-13,north,retail,22,542.47,orders_export
ORD-001141,2023-10-13,south,wholesale,12,297.06,orders_export
ORD-001142,2023-10-13,east,online,7,168.05,orders_export
ORD-001143,2023-10-13,west,retail,5,124.12,orders_export
ORD-001144,2023-10-14,north,wholesale,25,629.51,orders_export
ORD-001145,2023-10-14,south,online,12,295.73,orders_export
ORD-001146,2023-10-14,east,retail,6,153.24,orders_export
ORD-001147,2023-10-14,west,wholesale,5,115.37,orders_export
ORD-001148,2023-10-15,north,online,21,528.08,orders_export
ORD-001149,2023-10-15,south,retail,12,298.59,orders_export
ORD-001150,2023-10-15,east,wholesale,7,167.89,orders_export
ORD-001151,2023-10-15,west,online,5,114.24,orders_export
ORD-001152,2023-10-16,north,retail,22,559.08,orders_export
ORD-001153,2023-10-16,south,wholesale,11,273.2,orders_export
ORD-001154,2023-10-16,east,online,7,179.43,orders_export
ORD-001155,2023-10-16,west,retail,5,130.57,orders_export
ORD-001156,2023-10-17,north,wholesale,24,603.4,orders_export
ORD-001157,2023-10-17,south,online,11,265.09,orders_export
ORD-001158,2023-10-17,east,retail,7,184.72,orders_export
ORD-001159,2023-10-17,west,wholesale,4,97.71,orders_export
ORD-001160,2023-10-18,north,online,22,558.33,orders_export
ORD-001161,2023-10-18,south,retail,12,298.85,orders_export
ORD-001162,2023-10-18,east,wholesale,6,152.38,orders_export
ORD-001163,2023-10-18,west,online,4,107.66,orders_export
ORD-001164,2023-10-19,north,retail,24,595.12,orders_export
ORD-001165,2023-10-19,south,wholesale,12,299.28,orders_export
ORD-001166,2023-10-19,east,online,7,181.62,orders_export
ORD-001167,2023-10-19,west,retail,5,123.5,orders_export
ORD-001168,2023-10-20,north,wholesale,22,548.82,orders_export
ORD-001169,2023-10-20,south,online,11,281.49,orders_export
ORD-001170,2023-10-20,east,retail,7,176.59,orders_export
ORD-001171,2023-10-20,west,wholesale,5,121.32,orders_export
ORD-001172,2023-10-21,north,online,22,554.91,orders_export
ORD-001173,2023-10-21,south,retail,11,273.27,orders_export
ORD-001174,2023-10-21,east,wholesale,7,172.38,orders_export
ORD-001175,2023-10-21,west,online,5,112.55,orders_export
ORD-001176,2023-10-22,north,retail,23,566.58,orders_export
ORD-001177,2023-10-22,south,wholesale,12,303.01,orders_export
ORD-001178,2023-10-22,east,online,7,166.48,orders_export
ORD-001179,2023-10-22,west,retail,5,121.22,orders_export
ORD-001180,2023-10-23,north,wholesale,26,645.38,orders_export
ORD-001181,2023-10-23,south,online,13,312.55,orders_export
ORD-001182,2023-10-23,east,retail,7,177.08,orders_export
ORD-001183,2023-10-23,west,wholesale,5,118.02,orders_export
ORD-001184,2023-10-24,north,online,23,574.56,orders_export
ORD-001185,2023-10-24,south,retail,12,301.46,orders_export
ORD-001186,2023-10-24,east,wholesale,7,165.56,orders_export
ORD-001187,2023-10-24,west,online,5,120.62,orders_export
ORD-001188,2023-10-25,north,retail,24,589.02,orders_export
ORD-001189,2023-10-25,south,wholesale,13,317.87,orders_export
ORD-001190,2023-10-25,east,online,7,163.95,orders_export
ORD-001191,2023-10-25,west,retail,5,117.13,orders_export
ORD-001192,2023-10-26,north,wholesale,23,577.97,orders_export
ORD-001193,2023-10-26,south,online,12,305.6,orders_export
ORD-001194,2023-10-26,east,retail,7,172.56,orders_export
ORD-001195,2023-10-26,west,wholesale,5,120.28,orders_export
ORD-001196,2023-10-27,north,online,26,650.84,orders_export
ORD-001197,2023-10-27,south,retail,12,303.1,orders_export
ORD-001198,2023-10-27,east,wholesale,7,171.68,orders_export
ORD-001199,2023-10-27,west,online,4,111.65,orders_export
ORD-001200,2023-10-28,north,retail,23,586.48,orders_export
ORD-001201,2023-10-28,south,wholesale,12,299.74,orders_export
ORD-001202,2023-10-28,east,online,7,180.64,orders_export
ORD-001203,2023-10-28,west,retail,5,124.72,orders_export
ORD-001204,2023-10-29,north,wholesale,23,586.21,orders_export
ORD-001205,2023-10-29,south,online,11,284.1,orders_export
ORD-001206,2023-10-29,east,retail,7,174.0,orders_export
ORD-001207,2023-10-29,west,wholesale,5,113.31,orders_export
ORD-001208,2023-10-30,north,online,24,603.56,orders_export
ORD-001209,2023-10-30,south,retail,13,317.65,orders_export
ORD-001210,2023-10-30,east,wholesale,7,177.95,orders_export
ORD-001211,2023-10-30,west,online,4,103.86,orders_export
ORD-001212,2023-10-31,north,retail,25,631.52,orders_export
ORD-001213,2023-10-31,south,wholesale,11,274.93,orders_export
ORD-001214,2023-10-31,east,online,7,174.01,orders_export
ORD-001215,2023-10-31,west,retail,4,112.38,orders_export
ORD-001216,2023-11-01,north,wholesale,22,561.82,orders_export
ORD-001217,2023-11-01,south,online,12,291.37,orders_export
ORD-001218,2023-11-01,east,retail,7,170.54,orders_export
ORD-001219,2023-11-01,west,wholesale,5,131.1,orders_export
ORD-001220,2023-11-02,north,online,23,585.52,orders_export
ORD-001221,2023-11-02,south,retail,12,299.81,orders_export
ORD-001222,2023-11-02,east,wholesale,7,163.62,orders_export
ORD-001223,2023-11-02,west,online,5,118.38,orders_export
ORD-001224,2023-11-03,north,retail,25,612.94,orders_export
ORD-001225,2023-11-03,south,wholesale,11,285.15,orders_export
ORD-001226,2023-11-03,east,online,7,173.35,orders_export
ORD-001227,2023-11-03,west,retail,5,125.12,orders_export
ORD-001228,2023-11-04,north,wholesale,24,599.92,orders_export
ORD-001229,2023-11-04,south,online,12,300.43,orders_export
ORD-001230,2023-11-04,east,retail,7,181.22,orders_export
ORD-001231,2023-11-04,west,wholesale,5,112.9,orders_export
ORD-001232,2023-11-05,north,online,24,611.99,orders_export
ORD-001233,2023-11-05,south,retail,12,290.13,orders_export
ORD-001234,2023-11-05,east,wholesale,7,185.09,orders_export
ORD-001235,2023-11-05,west,online,5,113.79,orders_export
ORD-001236,2023-11-06,north,retail,28,687.6,orders_export
ORD-001237,2023-11-06,south,wholesale,13,321.47,orders_export
ORD-001238,2023-11-06,east,online,7,162.87,orders_export
ORD-001239,2023-11-06,west,retail,4,111.73,orders_export
ORD-001240,2023-11-07,north,wholesale,24,596.59,orders_export
ORD-001241,2023-11-07,south,online,11,271.46,orders_export
ORD-001242,2023-11-07,east,retail,8,190.05,orders_export
ORD-001243,2023-11-07,west,wholesale,5,124.9,orders_export
ORD-001244,2023-11-08,north,online,26,639.33,orders_export
ORD-001245,2023-11-08,south,retail,11,273.62,orders_export
ORD-001246,2023-11-08,east,wholesale,7,174.64,orders_export
ORD-001247,2023-11-08,west,online,5,118.34,orders_export
ORD-001248,2023-11-09,north,retail,25,616.03,orders_export
ORD-001249,2023-11-09,south,wholesale,12,311.18,orders_export
ORD-001250,2023-11-09,east,online,7,167.05,orders_export
ORD-001251,2023-11-09,west,retail,5,133.47,orders_export
ORD-001252,2023-11-10,north,wholesale,21,525.11,orders_export
ORD-001253,2023-11-10,south,online,13,330.84,orders_export
ORD-001254,2023-11-10,east,retail,7,174.51,orders_export
ORD-001255,2023-11-10,west,wholesale,5,116.28,orders_export
ORD-001256,2023-11-11,north,online,24,609.6,orders_export
ORD-001257,2023-11-11,south,retail,12,302.9,orders_export
ORD-001258,2023-11-11,east,wholesale,7,173.78,orders_export
ORD-001259,2023-11-11,west,online,5,119.06,orders_export
ORD-001260,2023-11-12,north,retail,25,621.79,orders_export
ORD-001261,2023-11-12,south,wholesale,12,303.83,orders_export
ORD-001262,2023-11-12,east,online,7,176.53,orders_export
ORD-001263,2023-11-12,west,retail,5,123.17,orders_export
ORD-001264,2023-11-13,north,wholesale,27,681.23,orders_export
ORD-001265,2023-11-13,south,online,12,309.81,orders_export
ORD-001266,2023-11-13,east,retail,8,189.72,orders_export
ORD-001267,2023-11-13,west,wholesale,4,112.38,orders_export
ORD-001268,2023-11-14,north,online,24,590.52,orders_export
ORD-001269,2023-11-14,south,retail,13,325.94,orders_export
ORD-001270,2023-11-14,east,wholesale,8,195.62,orders_export
ORD-001271,2023-11-14,west,online,5,121.25,orders_export
ORD-001272,2023-11-15,north,retail,26,651.3,orders_export
ORD-001273,2023-11-15,south,wholesale,13,327.53,orders_export
ORD-001274,2023-11-15,east,online,8,194.75,orders_export
ORD-001275,2023-11-15,west,retail,5,130.71,orders_export
ORD-001276,2023-11-16,north,wholesale,24,588.82,orders_export
ORD-001277,2023-11-16,south,online,12,298.35,orders_export
ORD-001278,2023-11-16,east,retail,8,188.84,orders_export
ORD-001279,2023-11-16,west,wholesale,5,126.96,orders_export
ORD-001280,2023-11-17,north,online,21,522.53,orders_export
ORD-001281,2023-11-17,south,retail,13,319.32,orders_export
ORD-001282,2023-11-17,east,wholesale,7,183.93,orders_export
ORD-001283,2023-11-17,west,online,4,108.69,orders_export
ORD-001284,2023-11-18,north,retail,25,634.73,orders_export
ORD-001285,2023-11-18,south,wholesale,12,309.31,orders_export
ORD-001286,2023-11-18,east,online,7,163.92,orders_export
ORD-001287,2023-11-18,west,retail,5,124.41,orders_export
ORD-001288,2023-11-19,north,wholesale,22,546.41,orders_export
ORD-001289,2023-11-19,south,online,14,353.7,orders_export
ORD-001290,2023-11-19,east,retail,7,185.32,orders_export
ORD-001291,2023-11-19,west,wholesale,5,130.37,orders_export
ORD-001292,2023-11-20,north,online,23,565.03,orders_export
ORD-001293,2023-11-20,south,retail,12,304.43,orders_export
ORD-001294,2023-11-20,east,wholesale,7,178.18,orders_export
ORD-001295,2023-11-20,west,online,5,123.46,orders_export
ORD-001296,2023-11-21,north,retail,26,639.95,orders_export
ORD-001297,2023-11-21,south,wholesale,11,275.46,orders_export
ORD-001298,2023-11-21,east,online,7,178.58,orders_export
ORD-001299,2023-11-21,west,retail,6,143.11,orders_export
ORD-001300,2023-11-22,north,wholesale,24,605.18,orders_export
ORD-001301,2023-11-22,south,online,11,278.53,orders_export
ORD-001302,2023-11-22,east,retail,7,186.11,orders_export
ORD-001303,2023-11-22,west,wholesale,5,117.73,orders_export
ORD-001304,2023-11-23,north,online,24,588.5,orders_export
ORD-001305,2023-11-23,south,retail,12,294.02,orders_export
ORD-001306,2023-11-23,east,wholesale,7,177.0,orders_export
ORD-001307,2023-11-23,west,online,5,125.96,orders_export
ORD-001308,2023-11-24,north,retail,28,689.19,orders_export
ORD-001309,2023-11-24,south,wholesale,13,326.16,orders_export
ORD-001310,2023-11-24,east,online,7,167.56,orders_export
ORD-001311,2023-11-24,west,retail,5,128.61,orders_export
ORD-001312,2023-11-25,north,wholesale,26,652.09,orders_export
ORD-001313,2023-11-25,south,online,13,331.62,orders_export
ORD-001314,2023-11-25,east,retail,7,176.47,orders_export
ORD-001315,2023-11-25,west,wholesale,5,129.4,orders_export
ORD-001316,2023-11-26,north,online,27,671.19,orders_export
ORD-001317,2023-11-26,south,retail,13,316.9,orders_export
ORD-001318,2023-11-26,east,wholesale,7,184.99,orders_export
ORD-001319,2023-11-26,west,online,5,115.11,orders_export
ORD-001320,2023-11-27,north,retail,25,630.88,orders_export
ORD-001321,2023-11-27,south,wholesale,12,301.25,orders_export
ORD-001322,2023-11-27,east,online,8,191.65,orders_export
ORD-001323,2023-11-27,west,retail,5,120.23,orders_export
ORD-001324,2023-11-28,north,wholesale,26,647.58,orders_export
ORD-001325,2023-11-28,south,online,11,286.7,orders_export
ORD-001326,2023-11-28,east,retail,7,184.42,orders_export
ORD-001327,2023-11-28,west,wholesale,5,117.82,orders_export
ORD-001328,2023-11-29,north,online,24,598.0,orders_export
ORD-001329,2023-11-29,south,retail,11,283.86,orders_export
ORD-001330,2023-11-29,east,wholesale,8,199.36,orders_export
ORD-001331,2023-11-29,west,online,5,116.93,orders_export
ORD-001332,2023-11-30,north,retail,27,670.32,orders_export
ORD-001333,2023-11-30,south,wholesale,12,295.17,orders_export
ORD-001334,2023-11-30,east,online,8,191.9,orders_export
ORD-001335,2023-11-30,west,retail,5,130.04,orders_export
ORD-001336,2023-12-01,north,wholesale,26,660.27,orders_export
ORD-001337,2023-12-01,south,online,13,319.16,orders_export
ORD-001338,2023-12-01,east,retail,7,186.86,orders_export
ORD-001339,2023-12-01,west,wholesale,5,123.22,orders_export
ORD-001340,2023-12-02,north,online,24,600.55,orders_export
ORD-001341,2023-12-02,south,retail,13,314.54,orders_export
ORD-001342,2023-12-02,east,wholesale,8,196.56,orders_export
ORD-001343,2023-12-02,west,online,5,119.31,orders_export
ORD-001344,2023-12-03,north,retail,28,705.12,orders_export
ORD-001345,2023-12-03,south,wholesale,14,350.19,orders_export
ORD-001346,2023-12-03,east,online,8,195.19,orders_export
ORD-001347,2023-12-03,west,retail,5,114.73,orders_export
ORD-001348,2023-12-04,north,wholesale,26,654.36,orders_export
ORD-001349,2023-12-04,south,online,14,360.93,orders_export
ORD-001350,2023-12-04,east,retail,7,184.86,orders_export
ORD-001351,2023-12-04,west,wholesale,5,131.97,orders_export
ORD-001352,2023-12-05,north,online,27,680.73,orders_export
ORD-001353,2023-12-05,south,retail,13,321.9,orders_export
ORD-001354,2023-12-05,east,wholesale,7,179.2,orders_export
ORD-001355,2023-12-05,west,online,5,127.51,orders_export
ORD-001356,2023-12-06,north,retail,29,728.75,orders_export
ORD-001357,2023-12-06,south,wholesale,12,295.48,orders_export
ORD-001358,2023-12-06,east,online,8,201.46,orders_export
ORD-001359,2023-12-06,west,retail,5,126.28,orders_export
ORD-001360,2023-12-07,north,wholesale,26,653.76,orders_export
ORD-001361,2023-12-07,south,online,13,325.93,orders_export
ORD-001362,2023-12-07,east,retail,8,193.53,orders_export
ORD-001363,2023-12-07,west,wholesale,5,132.13,orders_export
ORD-001364,2023-12-08,north,online,26,658.58,orders_export
ORD-001365,2023-12-08,south,retail,13,323.93,orders_export
ORD-001366,2023-12-08,east,wholesale,8,202.62,orders_export
ORD-001367,2023-12-08,west,online,5,128.0,orders_export
ORD-001368,2023-12-09,north,retail,26,661.22,orders_export
ORD-001369,2023-12-09,south,wholesale,12,311.55,orders_export
ORD-001370,2023-12-09,east,online,7,180.82,orders_export
ORD-001371,2023-12-09,west,retail,5,132.08,orders_export
ORD-001372,2023-12-10,north,wholesale,29,715.8,orders_export
ORD-001373,2023-12-10,south,online,12,307.78,orders_export
ORD-001374,2023-12-10,east,retail,8,206.14,orders_export
ORD-001375,2023-12-10,west,wholesale,5,127.48,orders_export
ORD-001376,2023-12-11,north,online,24,599.6,orders_export
ORD-001377,2023-12-11,south,retail,13,321.68,orders_export
ORD-001378,2023-12-11,east,wholesale,8,187.83,orders_export
ORD-001379,2023-12-11,west,online,5,134.55,orders_export
ORD-001380,2023-12-12,north,retail,26,644.24,orders_export
ORD-001381,2023-12-12,south,wholesale,14,340.13,orders_export
ORD-001382,2023-12-12,east,online,7,183.07,orders_export
ORD-001383,2023-12-12,west,retail,5,123.25,orders_export
ORD-001384,2023-12-13,north,wholesale,25,637.39,orders_export
ORD-001385,2023-12-13,south,online,13,313.81,orders_export
ORD-001386,2023-12-13,east,retail,8,207.06,orders_export
ORD-001387,2023-12-13,west,wholesale,5,130.21,orders_export
ORD-001388,2023-12-14,north,online,25,634.9,orders_export
ORD-001389,2023-12-14,south,retail,14,338.06,orders_export
ORD-001390,2023-12-14,east,wholesale,8,206.58,orders_export
ORD-001391,2023-12-14,west,online,5,124.61,orders_export
ORD-001392,2023-12-15,north,retail,24,610.26,orders_export
ORD-001393,2023-12-15,south,wholesale,13,327.18,orders_export
ORD-001394,2023-12-15,east,online,8,191.77,orders_export
ORD-001395,2023-12-15,west,retail,5,121.72,orders_export
ORD-001396,2023-12-16,north,wholesale,25,631.89,orders_export
ORD-001397,2023-12-16,south,online,12,300.23,orders_export
ORD-001398,2023-12-16,east,retail,8,207.72,orders_export
ORD-001399,2023-12-16,west,wholesale,5,123.39,orders_export
ORD-001400,2023-12-17,north,online,25,628.31,orders_export
ORD-001401,2023-12-17,south,retail,13,331.53,orders_export
ORD-001402,2023-12-17,east,wholesale,8,209.49,orders_export
ORD-001403,2023-12-17,west,online,6,145.03,orders_export
ORD-001404,2023-12-18,north,retail,29,726.17,orders_export
ORD-001405,2023-12-18,south,wholesale,14,340.4,orders_export
ORD-001406,2023-12-18,east,online,8,194.29,orders_export
ORD-001407,2023-12-18,west,retail,5,115.6,orders_export
ORD-001408,2023-12-19,north,wholesale,24,592.37,orders_export
ORD-001409,2023-12-19,south,online,14,340.12,orders_export
ORD-001410,2023-12-19,east,retail,8,197.97,orders_export
ORD-001411,2023-12-19,west,wholesale,5,131.92,orders_export
ORD-001412,2023-12-20,north,online,26,657.02,orders_export
ORD-001413,2023-12-20,south,retail,13,326.51,orders_export
ORD-001414,2023-12-20,east,wholesale,8,204.02,orders_export
ORD-001415,2023-12-20,west,online,5,129.94,orders_export
ORD-001416,2023-12-21,north,retail,28,710.38,orders_export
ORD-001417,2023-12-21,south,wholesale,14,356.55,orders_export
ORD-001418,2023-12-21,east,online,7,185.12,orders_export
ORD-001419,2023-12-21,west,retail,6,139.7,orders_export
ORD-001420,2023-12-22,north,wholesale,26,648.19,orders_export
ORD-001421,2023-12-22,south,online,14,338.46,orders_export
ORD-001422,2023-12-22,east,retail,8,196.73,orders_export
ORD-001423,2023-12-22,west,wholesale,6,141.55,orders_export
ORD-001424,2023-12-23,north,online,27,680.18,orders_export
ORD-001425,2023-12-23,south,retail,12,312.12,orders_export
ORD-001426,2023-12-23,east,wholesale,8,209.07,orders_export
ORD-001427,2023-12-23,west,online,6,142.14,orders_export
ORD-001428,2023-12-24,north,retail,25,630.23,orders_export
ORD-001429,2023-12-24,south,wholesale,12,297.83,orders_export
ORD-001430,2023-12-24,east,online,9,214.71,orders_export
ORD-001431,2023-12-24,west,retail,6,140.72,orders_export
ORD-001432,2023-12-25,north,wholesale,27,670.3,orders_export
ORD-001433,2023-12-25,south,online,14,345.83,orders_export
ORD-001434,2023-12-25,east,retail,9,213.48,orders_export
ORD-001435,2023-12-25,west,wholesale,6,137.7,orders_export
ORD-001436,2023-12-26,north,online,28,689.0,orders_export
ORD-001437,2023-12-26,south,retail,14,347.52,orders_export
ORD-001438,2023-12-26,east,wholesale,8,190.78,orders_export
ORD-001439,2023-12-26,west,online,6,155.63,orders_export
ORD-001440,2023-12-27,north,retail,28,704.79,orders_export
ORD-001441,2023-12-27,south,wholesale,14,337.65,orders_export
ORD-001442,2023-12-27,east,online,8,202.04,orders_export
ORD-001443,2023-12-27,west,retail,5,135.21,orders_export
ORD-001444,2023-12-28,north,wholesale,25,623.57,orders_export
ORD-001445,2023-12-28,south,online,14,347.16,orders_export
ORD-001446,2023-12-28,east,retail,8,210.44,orders_export
ORD-001447,2023-12-28,west,wholesale,5,136.78,orders_export
ORD-001448,2023-12-29,north,online,27,664.18,orders_export
ORD-001449,2023-12-29,south,retail,13,332.2,orders_export
ORD-001450,2023-12-29,east,wholesale,8,210.78,orders_export
ORD-001451,2023-12-29,west,online,5,131.51,orders_export
ORD-001452,2023-12-30,north,retail,29,714.17,orders_export
ORD-001453,2023-12-30,south,wholesale,14,340.35,orders_export
ORD-001454,2023-12-30,east,online,8,197.31,orders_export
ORD-001455,2023-12-30,west,retail,5,124.85,orders_export
ORD-001456,2023-12-31,north,wholesale,28,705.69,orders_export
ORD-001457,2023-12-31,south,online,13,324.68,orders_export
ORD-001458,2023-12-31,east,retail,8,210.82,orders_export
ORD-001459,2023-12-31,west,wholesale,5,129.45,orders_export
ORD-001460,2024-01-01,north,online,29,720.62,orders_export
ORD-001461,2024-01-01,south,retail,14,360.87,orders_export
ORD-001462,2024-01-01,east,wholesale,8,209.33,orders_export
ORD-001463,2024-01-01,west,online,6,139.18,orders_export
ORD-001464,2024-01-02,north,retail,28,702.15,orders_export
ORD-001465,2024-01-02,south,wholesale,16,399.38,orders_export
ORD-001466,2024-01-02,east,online,9,215.83,orders_export
ORD-001467,2024-01-02,west,retail,5,119.41,orders_export
ORD-001468,2024-01-03,north,wholesale,29,713.11,orders_export
ORD-001469,2024-01-03,south,online,15,377.69,orders_export
ORD-001470,2024-01-03,east,retail,9,214.68,orders_export
ORD-001471,2024-01-03,west,wholesale,6,149.13,orders_export
ORD-001472,2024-01-04,north,online,31,762.8,orders_export
ORD-001473,2024-01-04,south,retail,14,353.55,orders_export
ORD-001474,2024-01-04,east,wholesale,9,225.98,orders_export
ORD-001475,2024-01-04,west,online,5,135.35,orders_export
ORD-001476,2024-01-05,north,retail,32,790.03,orders_export
ORD-001477,2024-01-05,south,wholesale,14,354.21,orders_export
ORD-001478,2024-01-05,east,online,9,217.18,orders_export
ORD-001479,2024-01-05,west,retail,6,143.58,orders_export
ORD-001480,2024-01-06,north,wholesale,29,724.62,orders_export
ORD-001481,2024-01-06,south,online,13,330.19,orders_export
ORD-001482,2024-01-06,east,retail,8,206.52,orders_export
ORD-001483,2024-01-06,west,wholesale,5,127.14,orders_export
ORD-001484,2024-01-07,north,online,30,754.4,orders_export
ORD-001485,2024-01-07,south,retail,14,340.69,orders_export
ORD-001486,2024-01-07,east,wholesale,9,220.49,orders_export
ORD-001487,2024-01-07,west,online,6,148.34,orders_export
ORD-001488,2024-01-08,north,retail,28,691.96,orders_export
ORD-001489,2024-01-08,south,wholesale,14,354.35,orders_export
ORD-001490,2024-01-08,east,online,9,216.91,orders_export
ORD-001491,2024-01-08,west,retail,5,133.84,orders_export
ORD-001492,2024-01-09,north,wholesale,29,734.95,orders_export
ORD-001493,2024-01-09,south,online,15,371.09,orders_export
ORD-001494,2024-01-09,east,retail,8,207.31,orders_export
ORD-001495,2024-01-09,west,wholesale,5,131.92,orders_export
ORD-001496,2024-01-10,north,online,26,641.66,orders_export
ORD-001497,2024-01-10,south,retail,12,309.87,orders_export
ORD-001498,2024-01-10,east,wholesale,9,234.6,orders_export
ORD-001499,2024-01-10,west,online,5,135.55,orders_export
ORD-001500,2024-01-11,north,retail,31,781.54,orders_export
ORD-001501,2024-01-11,south,wholesale,15,367.04,orders_export
ORD-001502,2024-01-11,east,online,9,223.27,orders_export
ORD-001503,2024-01-11,west,retail,6,144.53,orders_export
ORD-001504,2024-01-12,north,wholesale,33,813.54,orders_export
ORD-001505,2024-01-12,south,online,15,380.19,orders_export
ORD-001506,2024-01-12,east,retail,9,227.33,orders_export
ORD-001507,2024-01-12,west,wholesale,6,154.13,orders_export
ORD-001508,2024-01-13,north,online,26,659.1,orders_export
ORD-001509,2024-01-13,south,retail,15,375.51,orders_export
ORD-001510,2024-01-13,east,wholesale,9,226.19,orders_export
ORD-001511,2024-01-13,west,online,6,138.72,orders_export
ORD-001512,2024-01-14,north,retail,27,669.13,orders_export
ORD-001513,2024-01-14,south,wholesale,15,363.33,orders_export
ORD-001514,2024-01-14,east,online,9,226.78,orders_export
ORD-001515,2024-01-14,west,retail,6,149.59,orders_export
ORD-001516,2024-01-15,north,wholesale,33,828.58,orders_export
ORD-001517,2024-01-15,south,online,15,382.79,orders_export
ORD-001518,2024-01-15,east,retail,8,211.81,orders_export
ORD-001519,2024-01-15,west,wholesale,6,139.04,orders_export
ORD-001520,2024-01-16,north,online,28,708.82,orders_export
ORD-001521,2024-01-16,south,retail,14,352.49,orders_export
ORD-001522,2024-01-16,east,wholesale,9,214.93,orders_export
ORD-001523,2024-01-16,west,online,6,143.95,orders_export
ORD-001524,2024-01-17,north,retail,32,802.46,orders_export
ORD-001525,2024-01-17,south,wholesale,15,370.39,orders_export
ORD-001526,2024-01-17,east,online,9,230.34,orders_export
ORD-001527,2024-01-17,west,retail,6,141.05,orders_export
ORD-001528,2024-01-18,north,wholesale,29,729.18,orders_export
ORD-001529,2024-01-18,south,online,15,372.71,orders_export
ORD-001530,2024-01-18,east,retail,9,217.86,orders_export
ORD-001531,2024-01-18,west,wholesale,6,139.51,orders_export
ORD-001532,2024-01-19,north,online,30,752.01,orders_export
ORD-001533,2024-01-19,south,retail,14,342.38,orders_export
ORD-001534,2024-01-19,east,wholesale,10,241.43,orders_export
ORD-001535,2024-01-19,west,online,6,151.57,orders_export
ORD-001536,2024-01-20,north,retail,30,752.59,orders_export
ORD-001537,2024-01-20,south,wholesale,14,349.75,orders_export
ORD-001538,2024-01-20,east,online,10,238.79,orders_export
ORD-001539,2024-01-20,west,retail,6,148.18,orders_export
ORD-001540,2024-01-21,north,wholesale,32,803.31,orders_export
ORD-001541,2024-01-21,south,online,15,364.78,orders_export
ORD-001542,2024-01-21,east,retail,9,225.33,orders_export
ORD-001543,2024-01-21,west,wholesale,6,144.95,orders_export
ORD-001544,2024-01-22,north,online,27,666.89,orders_export
ORD-001545,2024-01-22,south,retail,16,395.24,orders_export
ORD-001546,2024-01-22,east,wholesale,9,227.93,orders_export
ORD-001547,2024-01-22,west,online,6,149.04,orders_export
ORD-001548,2024-01-23,north,retail,29,718.17,orders_export
ORD-001549,2024-01-23,south,wholesale,15,373.21,orders_export
ORD-001550,2024-01-23,east,online,9,234.29,orders_export
ORD-001551,2024-01-23,west,retail,7,163.47,orders_export
ORD-001552,2024-01-24,north,wholesale,27,668.27,orders_export
ORD-001553,2024-01-24,south,online,16,390.58,orders_export
ORD-001554,2024-01-24,east,retail,9,236.86,orders_export
ORD-001555,2024-01-24,west,wholesale,5,133.33,orders_export
ORD-001556,2024-01-25,north,online,26,658.43,orders_export
ORD-001557,2024-01-25,south,retail,14,350.57,orders_export
ORD-001558,2024-01-25,east,wholesale,8,204.91,orders_export
ORD-001559,2024-01-25,west,online,6,146.66,orders_export
ORD-001560,2024-01-26,north,retail,29,734.11,orders_export
ORD-001561,2024-01-26,south,wholesale,13,329.55,orders_export
ORD-001562,2024-01-26,east,online,9,216.23,orders_export
ORD-001563,2024-01-26,west,retail,6,138.02,orders_export
ORD-001564,2024-01-27,north,wholesale,29,731.68,orders_export
ORD-001565,2024-01-27,south,online,13,325.16,orders_export
ORD-001566,2024-01-27,east,retail,9,223.01,orders_export
ORD-001567,2024-01-27,west,wholesale,6,156.18,orders_export
ORD-001568,2024-01-28,north,online,29,720.75,orders_export
ORD-001569,2024-01-28,south,retail,15,378.83,orders_export
ORD-001570,2024-01-28,east,wholesale,10,238.66,orders_export
ORD-001571,2024-01-28,west,online,6,157.71,orders_export
ORD-001572,2024-01-29,north,retail,29,715.35,orders_export
ORD-001573,2024-01-29,south,wholesale,17,414.53,orders_export
ORD-001574,2024-01-29,east,online,10,243.73,orders_export
ORD-001575,2024-01-29,west,retail,6,154.34,orders_export
ORD-001576,2024-01-30,north,wholesale,32,789.6,orders_export
ORD-001577,2024-01-30,south,online,16,391.13,orders_export
ORD-001578,2024-01-30,east,retail,10,243.11,orders_export
ORD-001579,2024-01-30,west,wholesale,6,156.27,orders_export
ORD-001580,2024-01-31,north,online,29,723.06,orders_export
ORD-001581,2024-01-31,south,retail,14,344.79,orders_export
ORD-001582,2024-01-31,east,wholesale,9,228.61,orders_export
ORD-001583,2024-01-31,west,online,6,154.63,orders_export
ORD-001584,2024-02-01,north,retail,30,762.23,orders_export
ORD-001585,2024-02-01,south,wholesale,15,365.45,orders_export
ORD-001586,2024-02-01,east,online,9,234.63,orders_export
ORD-001587,2024-02-01,west,retail,6,151.81,orders_export
ORD-001588,2024-02-02,north,wholesale,32,798.37,orders_export
ORD-001589,2024-02-02,south,online,15,367.58,orders_export
ORD-001590,2024-02-02,east,retail,9,222.36,orders_export
ORD-001591,2024-02-02,west,wholesale,6,154.88,orders_export
ORD-001592,2024-02-03,north,online,26,648.87,orders_export
ORD-001593,2024-02-03,south,retail,16,405.62,orders_export
ORD-001594,2024-02-03,east,wholesale,8,209.84,orders_export
ORD-001595,2024-02-03,west,online,6,161.31,orders_export
ORD-001596,2024-02-04,north,retail,33,817.34,orders_export
ORD-001597,2024-02-04,south,wholesale,16,401.95,orders_export
ORD-001598,2024-02-04,east,online,10,243.05,orders_export
ORD-001599,2024-02-04,west,retail,6,148.66,orders_export
ORD-001600,2024-02-05,north,wholesale,30,748.59,orders_export
ORD-001601,2024-02-05,south,online,16,401.54,orders_export
ORD-001602,2024-02-05,east,retail,10,247.01,orders_export
ORD-001603,2024-02-05,west,wholesale,6,143.3,orders_export
ORD-001604,2024-02-06,north,online,31,772.99,orders_export
ORD-001605,2024-02-06,south,retail,16,401.41,orders_export
ORD-001606,2024-02-06,east,wholesale,9,236.18,orders_export
ORD-001607,2024-02-06,west,online,6,150.71,orders_export
ORD-001608,2024-02-07,north,retail,27,676.93,orders_export
ORD-001609,2024-02-07,south,wholesale,14,356.22,orders_export
ORD-001610,2024-02-07,east,online,10,239.16,orders_export
ORD-001611,2024-02-07,west,retail,6,142.49,orders_export
ORD-001612,2024-02-08,north,wholesale,31,780.52,orders_export
ORD-001613,2024-02-08,south,online,15,384.23,orders_export
ORD-001614,2024-02-08,east,retail,9,220.84,orders_export
ORD-001615,2024-02-08,west,wholesale,6,155.98,orders_export
ORD-001616,2024-02-09,north,online,31,766.18,orders_export
ORD-001617,2024-02-09,south,retail,16,412.45,orders_export
ORD-001618,2024-02-09,east,wholesale,10,243.68,orders_export
ORD-001619,2024-02-09,west,online,5,135.3,orders_export
ORD-001620,2024-02-10,north,retail,33,833.25,orders_export
ORD-001621,2024-02-10,south,wholesale,17,416.77,orders_export
ORD-001622,2024-02-10,east,online,10,244.97,orders_export
ORD-001623,2024-02-10,west,retail,6,158.65,orders_export
ORD-001624,2024-02-11,north,wholesale,32,805.79,orders_export
ORD-001625,2024-02-11,south,online,15,369.18,orders_export
ORD-001626,2024-02-11,east,retail,9,225.47,orders_export
ORD-001627,2024-02-11,west,wholesale,6,139.84,orders_export
ORD-001628,2024-02-12,north,online,33,832.51,orders_export
ORD-001629,2024-02-12,south,retail,15,369.45,orders_export
ORD-001630,2024-02-12,east,wholesale,9,221.07,orders_export
ORD-001631,2024-02-12,west,online,6,145.57,orders_export
ORD-001632,2024-02-13,north,retail,33,813.57,orders_export
ORD-001633,2024-02-13,south,wholesale,16,396.07,orders_export
ORD-001634,2024-02-13,east,online,9,232.23,orders_export
ORD-001635,2024-02-13,west,retail,6,153.86,orders_export
ORD-001636,2024-02-14,north,wholesale,33,818.55,orders_export
ORD-001637,2024-02-14,south,online,16,390.22,orders_export
ORD-001638,2024-02-14,east,retail,10,238.82,orders_export
ORD-001639,2024-02-14,west,wholesale,7,166.82,orders_export
ORD-001640,2024-02-15,north,online,33,822.2,orders_export
ORD-001641,2024-02-15,south,retail,16,408.43,orders_export
ORD-001642,2024-02-15,east,wholesale,10,240.18,orders_export
ORD-001643,2024-02-15,west,online,7,168.27,orders_export
ORD-001644,2024-02-16,north,retail,33,829.81,orders_export
ORD-001645,2024-02-16,south,wholesale,15,368.48,orders_export
ORD-001646,2024-02-16,east,online,11,264.19,orders_export
ORD-001647,2024-02-16,west,retail,6,148.28,orders_export
ORD-001648,2024-02-17,north,wholesale,34,843.55,orders_export
ORD-001649,2024-02-17,south,online,17,413.05,orders_export
ORD-001650,2024-02-17,east,retail,10,238.55,orders_export
ORD-001651,2024-02-17,west,wholesale,7,163.7,orders_export
ORD-001652,2024-02-18,north,online,36,902.47,orders_export
ORD-001653,2024-02-18,south,retail,16,388.59,orders_export
ORD-001654,2024-02-18,east,wholesale,10,239.12,orders_export
ORD-001655,2024-02-18,west,online,6,151.29,orders_export
ORD-001656,2024-02-19,north,retail,34,861.36,orders_export
ORD-001657,2024-02-19,south,wholesale,16,399.77,orders_export
ORD-001658,2024-02-19,east,online,9,234.82,orders_export
ORD-001659,2024-02-19,west,retail,6,148.89,orders_export
ORD-001660,2024-02-20,north,wholesale,32,807.58,orders_export
ORD-001661,2024-02-20,south,online,16,401.26,orders_export
ORD-001662,2024-02-20,east,retail,9,230.09,orders_export
ORD-001663,2024-02-20,west,wholesale,6,156.55,orders_export
ORD-001664,2024-02-21,north,online,29,717.71,orders_export
ORD-001665,2024-02-21,south,retail,15,364.57,orders_export
ORD-001666,2024-02-21,east,wholesale,10,241.35,orders_export
ORD-001667,2024-02-21,west,online,6,151.22,orders_export
ORD-001668,2024-02-22,north,retail,31,770.83,orders_export
ORD-001669,2024-02-22,south,wholesale,15,375.33,orders_export
ORD-001670,2024-02-22,east,online,9,233.18,orders_export
ORD-001671,2024-02-22,west,retail,6,147.41,orders_export
ORD-001672,2024-02-23,north,wholesale,31,769.41,orders_export
ORD-001673,2024-02-23,south,online,14,347.74,orders_export
ORD-001674,2024-02-23,east,retail,10,252.93,orders_export
ORD-001675,2024-02-23,west,wholesale,6,159.86,orders_export
ORD-001676,2024-02-24,north,online,32,796.74,orders_export
ORD-001677,2024-02-24,south,retail,14,357.84,orders_export
ORD-001678,2024-02-24,east,wholesale,9,226.7,orders_export
ORD-001679,2024-02-24,west,online,7,166.53,orders_export
ORD-001680,2024-02-25,north,retail,33,831.75,orders_export
ORD-001681,2024-02-25,south,wholesale,17,418.93,orders_export
ORD-001682,2024-02-25,east,online,9,235.2,orders_export
ORD-001683,2024-02-25,west,retail,7,163.38,orders_export
ORD-001684,2024-02-26,north,wholesale,30,749.53,orders_export
ORD-001685,2024-02-26,south,online,16,401.48,orders_export
ORD-001686,2024-02-26,east,retail,10,255.49,orders_export
ORD-001687,2024-02-26,west,wholesale,7,168.44,orders_export
ORD-001688,2024-02-27,north,online,34,849.52,orders_export
ORD-001689,2024-02-27,south,retail,16,390.37,orders_export
ORD-001690,2024-02-27,east,wholesale,10,249.11,orders_export
ORD-001691,2024-02-27,west,online,7,167.63,orders_export
ORD-001692,2024-02-28,north,retail,31,786.32,orders_export
ORD-001693,2024-02-28,south,wholesale,16,406.63,orders_export
ORD-001694,2024-02-28,east,online,10,242.12,orders_export
ORD-001695,2024-02-28,west,retail,6,156.76,orders_export
ORD-001696,2024-02-29,north,wholesale,31,783.0,orders_export
ORD-001697,2024-02-29,south,online,16,407.93,orders_export
ORD-001698,2024-02-29,east,retail,10,244.22,orders_export
ORD-001699,2024-02-29,west,wholesale,7,170.91,orders_export
ORD-001700,2024-03-01,north,online,83,2075.22,orders_export
ORD-001701,2024-03-01,south,retail,44,1104.91,orders_export
ORD-001702,2024-03-01,east,wholesale,25,630.87,orders_export
ORD-001703,2024-03-01,west,online,18,459.69,orders_export
ORD-001704,2024-03-02,north,retail,80,1990.68,orders_export
ORD-001705,2024-03-02,south,wholesale,43,1066.21,orders_export
ORD-001706,2024-03-02,east,online,24,600.9,orders_export
ORD-001707,2024-03-02,west,retail,16,405.81,orders_export
ORD-001708,2024-03-03,north,wholesale,83,2077.26,orders_export
ORD-001709,2024-03-03,south,online,48,1194.0,orders_export
ORD-001710,2024-03-03,east,retail,25,634.33,orders_export
ORD-001711,2024-03-03,west,wholesale,15,383.56,orders_export
ORD-001712,2024-03-04,north,online,85,2128.08,orders_export
ORD-001713,2024-03-04,south,retail,37,927.7,orders_export
ORD-001714,2024-03-04,east,wholesale,28,692.16,orders_export
ORD-001715,2024-03-04,west,online,19,466.24,orders_export
ORD-001716,2024-03-05,north,retail,86,2144.99,orders_export
ORD-001717,2024-03-05,south,wholesale,42,1042.47,orders_export
ORD-001718,2024-03-05,east,online,24,605.82,orders_export
ORD-001719,2024-03-05,west,retail,17,418.21,orders_export
ORD-001720,2024-03-06,north,wholesale,74,1845.1,orders_export
ORD-001721,2024-03-06,south,online,43,1086.68,orders_export
ORD-001722,2024-03-06,east,retail,25,615.88,orders_export
ORD-001723,2024-03-06,west,wholesale,15,374.03,orders_export
ORD-001724,2024-03-07,north,online,81,2033.91,orders_export
ORD-001725,2024-03-07,south,retail,40,1004.91,orders_export
ORD-001726,2024-03-07,east,wholesale,29,718.63,orders_export
ORD-001727,2024-03-07,west,online,17,430.38,orders_export
ORD-001728,2024-03-08,north,retail,84,2111.38,orders_export
ORD-001729,2024-03-08,south,wholesale,40,989.16,orders_export
ORD-001730,2024-03-08,east,online,25,619.44,orders_export
ORD-001731,2024-03-08,west,retail,19,481.93,orders_export
ORD-001732,2024-03-09,north,wholesale,82,2061.32,orders_export
ORD-001733,2024-03-09,south,online,42,1040.6,orders_export
ORD-001734,2024-03-09,east,retail,27,682.13,orders_export
ORD-001735,2024-03-09,west,wholesale,14,361.18,orders_export
ORD-001736,2024-03-10,north,online,84,2095.88,orders_export
ORD-001737,2024-03-10,south,retail,42,1059.07,orders_export
ORD-001738,2024-03-10,east,wholesale,26,643.27,orders_export
ORD-001739,2024-03-10,west,online,16,406.59,orders_export
ORD-001740,2024-03-11,north,retail,82,2058.59,orders_export
ORD-001741,2024-03-11,south,wholesale,42,1039.63,orders_export
ORD-001742,2024-03-11,east,online,26,640.27,orders_export
ORD-001743,2024-03-11,west,retail,17,420.97,orders_export
ORD-001744,2024-03-12,north,wholesale,87,2163.06,orders_export
ORD-001745,2024-03-12,south,online,39,972.14,orders_export
ORD-001746,2024-03-12,east,retail,30,753.34,orders_export
ORD-001747,2024-03-12,west,wholesale,16,408.37,orders_export
ORD-001748,2024-03-13,north,online,81,2017.69,orders_export
ORD-001749,2024-03-13,south,retail,45,1127.65,orders_export
ORD-001750,2024-03-13,east,wholesale,26,654.24,orders_export
ORD-001751,2024-03-13,west,online,19,466.67,orders_export
ORD-001752,2024-03-14,north,retail,83,2071.04,orders_export
ORD-001753,2024-03-14,south,wholesale,40,997.92,orders_export
ORD-001754,2024-03-14,east,online,27,674.87,orders_export
ORD-001755,2024-03-14,west,retail,18,457.62,orders_export
ORD-001756,2024-03-15,north,wholesale,87,2172.78,orders_export
ORD-001757,2024-03-15,south,online,42,1053.58,orders_export
ORD-001758,2024-03-15,east,retail,24,603.01,orders_export
ORD-001759,2024-03-15,west,wholesale,19,464.31,orders_export
ORD-001760,2024-03-16,north,online,95,2376.97,orders_export
ORD-001761,2024-03-16,south,retail,37,933.19,orders_export
ORD-001762,2024-03-16,east,wholesale,26,644.99,orders_export
ORD-001763,2024-03-16,west,online,16,409.81,orders_export
ORD-001764,2024-03-17,north,retail,93,2331.56,orders_export
ORD-001765,2024-03-17,south,wholesale,41,1036.9,orders_export
ORD-001766,2024-03-17,east,online,29,733.89,orders_export
ORD-001767,2024-03-17,west,retail,16,390.94,orders_export
ORD-001768,2024-03-18,north,wholesale,76,1890.97,orders_export
ORD-001769,2024-03-18,south,online,47,1164.29,orders_export
ORD-001770,2024-03-18,east,retail,26,658.47,orders_export
ORD-001771,2024-03-18,west,wholesale,18,448.65,orders_export
ORD-001772,2024-03-19,north,online,89,2230.19,orders_export
ORD-001773,2024-03-19,south,retail,43,1063.76,orders_export
ORD-001774,2024-03-19,east,wholesale,27,664.64,orders_export
ORD-001775,2024-03-19,west,online,16,407.88,orders_export
ORD-001776,2024-03-20,north,retail,83,2071.39,orders_export
ORD-001777,2024-03-20,south,wholesale,42,1053.16,orders_export
ORD-001778,2024-03-20,east,online,24,588.31,orders_export
ORD-001779,2024-03-20,west,retail,17,426.94,orders_export
ORD-001780,2024-03-21,north,wholesale,85,2135.46,orders_export
ORD-001781,2024-03-21,south,online,44,1100.86,orders_export
ORD-001782,2024-03-21,east,retail,25,628.66,orders_export
ORD-001783,2024-03-21,west,wholesale,18,458.86,orders_export
ORD-001784,2024-03-22,north,online,84,2106.71,orders_export
ORD-001785,2024-03-22,south,retail,39,986.42,orders_export
ORD-001786,2024-03-22,east,wholesale,23,565.83,orders_export
ORD-001787,2024-03-22,west,online,18,438.63,orders_export
ORD-001788,2024-03-23,north,retail,80,1992.87,orders_export
ORD-001789,2024-03-23,south,wholesale,47,1183.92,orders_export
ORD-001790,2024-03-23,east,online,26,655.85,orders_export
ORD-001791,2024-03-23,west,retail,16,410.04,orders_export
ORD-001792,2024-03-24,north,wholesale,92,2298.72,orders_export
ORD-001793,2024-03-24,south,online,39,984.01,orders_export
ORD-001794,2024-03-24,east,retail,26,660.6,orders_export
ORD-001795,2024-03-24,west,wholesale,18,437.85,orders_export
ORD-001796,2024-03-25,north,online,83,2063.88,orders_export
ORD-001797,2024-03-25,south,retail,40,1008.81,orders_export
ORD-001798,2024-03-25,east,wholesale,24,609.1,orders_export
ORD-001799,2024-03-25,west,online,19,463.71,orders_export
ORD-001800,2024-03-26,north,retail,90,2239.62,orders_export
ORD-001801,2024-03-26,south,wholesale,43,1073.85,orders_export
ORD-001802,2024-03-26,east,online,26,651.49,orders_export
ORD-001803,2024-03-26,west,retail,19,484.84,orders_export
ORD-001804,2024-03-27,north,wholesale,76,1889.58,orders_export
ORD-001805,2024-03-27,south,online,40,1004.92,orders_export
ORD-001806,2024-03-27,east,retail,27,668.93,orders_export
ORD-001807,2024-03-27,west,wholesale,17,433.81,orders_export
ORD-001808,2024-03-28,north,online,81,2026.61,orders_export
ORD-001809,2024-03-28,south,retail,45,1124.15,orders_export
ORD-001810,2024-03-28,east,wholesale,27,665.11,orders_export
ORD-001811,2024-03-28,west,online,18,438.0,orders_export
ORD-001812,2024-03-29,north,retail,101,2527.71,orders_export
ORD-001813,2024-03-29,south,wholesale,45,1116.51,orders_export
ORD-001814,2024-03-29,east,online,26,650.65,orders_export
ORD-001815,2024-03-29,west,retail,18,443.77,orders_export
ORD-001816,2024-03-30,north,wholesale,95,2382.02,orders_export
ORD-001817,2024-03-30,south,online,44,1107.44,orders_export
ORD-001818,2024-03-30,east,retail,26,661.93,orders_export
ORD-001819,2024-03-30,west,wholesale,17,427.31,orders_export
ORD-001820,2024-03-31,north,online,93,2317.92,orders_export
ORD-001821,2024-03-31,south,retail,45,1113.23,orders_export
ORD-001822,2024-03-31,east,wholesale,28,692.97,orders_export
ORD-001823,2024-03-31,west,online,17,423.88,orders_export
ORD-001824,2024-04-01,north,retail,31,770.72,orders_export
ORD-001825,2024-04-01,south,wholesale,17,429.81,orders_export
ORD-001826,2024-04-01,east,online,10,262.0,orders_export
ORD-001827,2024-04-01,west,retail,6,142.78,orders_export
ORD-001828,2024-04-02,north,wholesale,34,850.89,orders_export
ORD-001829,2024-04-02,south,online,19,463.8,orders_export
ORD-001830,2024-04-02,east,retail,10,259.31,orders_export
ORD-001831,2024-04-02,west,wholesale,7,165.85,orders_export
ORD-001832,2024-04-03,north,online,32,807.38,orders_export
ORD-001833,2024-04-03,south,retail,16,404.21,orders_export
ORD-001834,2024-04-03,east,wholesale,11,274.21,orders_export
ORD-001835,2024-04-03,west,online,5,135.05,orders_export
ORD-001836,2024-04-04,north,retail,33,824.09,orders_export
ORD-001837,2024-04-04,south,wholesale,16,409.71,orders_export
ORD-001838,2024-04-04,east,online,10,260.65,orders_export
ORD-001839,2024-04-04,west,retail,7,171.66,orders_export
ORD-001840,2024-04-05,north,wholesale,30,751.84,orders_export
ORD-001841,2024-04-05,south,online,18,454.07,orders_export
ORD-001842,2024-04-05,east,retail,10,247.52,orders_export
ORD-001843,2024-04-05,west,wholesale,7,175.24,orders_export
ORD-001844,2024-04-06,north,online,34,841.26,orders_export
ORD-001845,2024-04-06,south,retail,16,390.87,orders_export
ORD-001846,2024-04-06,east,wholesale,10,250.49,orders_export
ORD-001847,2024-04-06,west,online,7,175.98,orders_export
ORD-001848,2024-04-07,north,retail,34,854.28,orders_export
ORD-001849,2024-04-07,south,wholesale,17,416.83,orders_export
ORD-001850,2024-04-07,east,online,10,239.82,orders_export
ORD-001851,2024-04-07,west,retail,6,160.86,orders_export
ORD-001852,2024-04-08,north,wholesale,36,910.85,orders_export
ORD-001853,2024-04-08,south,online,17,437.14,orders_export
ORD-001854,2024-04-08,east,retail,10,240.76,orders_export
ORD-001855,2024-04-08,west,wholesale,7,179.64,orders_export
ORD-001856,2024-04-09,north,online,33,829.98,orders_export
ORD-001857,2024-04-09,south,retail,17,429.63,orders_export
ORD-001858,2024-04-09,east,wholesale,10,253.1,orders_export
ORD-001859,2024-04-09,west,online,7,165.29,orders_export
ORD-001860,2024-04-10,north,retail,32,804.97,orders_export
ORD-001861,2024-04-10,south,wholesale,16,407.63,orders_export
ORD-001862,2024-04-10,east,online,11,263.66,orders_export
ORD-001863,2024-04-10,west,retail,7,170.24,orders_export
ORD-001864,2024-04-11,north,wholesale,35,878.02,orders_export
ORD-001865,2024-04-11,south,online,17,425.36,orders_export
ORD-001866,2024-04-11,east,retail,10,249.71,orders_export
ORD-001867,2024-04-11,west,wholesale,7,186.09,orders_export
ORD-001868,2024-04-12,north,online,35,879.47,orders_export
ORD-001869,2024-04-12,south,retail,17,436.29,orders_export
ORD-001870,2024-04-12,east,wholesale,11,275.69,orders_export
ORD-001871,2024-04-12,west,online,7,164.56,orders_export
ORD-001872,2024-04-13,north,retail,33,822.93,orders_export
ORD-001873,2024-04-13,south,wholesale,17,417.13,orders_export
ORD-001874,2024-04-13,east,online,10,259.1,orders_export
ORD-001875,2024-04-13,west,retail,7,165.52,orders_export
ORD-001876,2024-04-14,north,wholesale,37,936.36,orders_export
ORD-001877,2024-04-14,south,online,17,424.72,orders_export
ORD-001878,2024-04-14,east,retail,12,297.36,orders_export
ORD-001879,2024-04-14,west,wholesale,6,143.69,orders_export
ORD-001880,2024-04-15,north,online,36,909.05,orders_export
ORD-001881,2024-04-15,south,retail,16,396.94,orders_export
ORD-001882,2024-04-15,east,wholesale,9,229.67,orders_export
ORD-001883,2024-04-15,west,online,6,155.49,orders_export
ORD-001884,2024-04-16,north,retail,34,846.19,orders_export
ORD-001885,2024-04-16,south,wholesale,16,411.68,orders_export
ORD-001886,2024-04-16,east,online,11,271.72,orders_export
ORD-001887,2024-04-16,west,retail,6,148.63,orders_export
ORD-001888,2024-04-17,north,wholesale,34,860.75,orders_export
ORD-001889,2024-04-17,south,online,16,405.18,orders_export
ORD-001890,2024-04-17,east,retail,11,263.81,orders_export
ORD-001891,2024-04-17,west,wholesale,7,174.38,orders_export
ORD-001892,2024-04-18,north,online,35,874.34,orders_export
ORD-001893,2024-04-18,south,retail,17,432.06,orders_export
ORD-001894,2024-04-18,east,wholesale,11,278.17,orders_export
ORD-001895,2024-04-18,west,online,7,176.8,orders_export
ORD-001896,2024-04-19,north,retail,33,820.75,orders_export
ORD-001897,2024-04-19,south,wholesale,15,367.37,orders_export
ORD-001898,2024-04-19,east,online,10,259.88,orders_export
ORD-001899,2024-04-19,west,retail,7,175.94,orders_export
ORD-001900,2024-04-20,north,wholesale,33,837.35,orders_export
ORD-001901,2024-04-20,south,online,16,404.85,orders_export
ORD-001902,2024-04-20,east,retail,10,244.22,orders_export
ORD-001903,2024-04-20,west,wholesale,7,169.42,orders_export
ORD-001904,2024-04-21,north,online,38,949.04,orders_export
ORD-001905,2024-04-21,south,retail,18,454.58,orders_export
ORD-001906,2024-04-21,east,wholesale,9,231.31,orders_export
ORD-001907,2024-04-21,west,online,7,168.65,orders_export
ORD-001908,2024-04-22,north,retail,34,839.51,orders_export
ORD-001909,2024-04-22,south,wholesale,16,407.19,orders_export
ORD-001910,2024-04-22,east,online,10,242.07,orders_export
ORD-001911,2024-04-22,west,retail,7,181.26,orders_export
ORD-001912,2024-04-23,north,wholesale,32,804.68,orders_export
ORD-001913,2024-04-23,south,online,17,425.55,orders_export
ORD-001914,2024-04-23,east,retail,10,246.32,orders_export
ORD-001915,2024-04-23,west,wholesale,6,158.91,orders_export
ORD-001916,2024-04-24,north,online,37,913.85,orders_export
ORD-001917,2024-04-24,south,retail,19,470.95,orders_export
ORD-001918,2024-04-24,east,wholesale,11,264.87,orders_export
ORD-001919,2024-04-24,west,online,6,161.14,orders_export
ORD-001920,2024-04-25,north,retail,32,798.56,orders_export
ORD-001921,2024-04-25,south,wholesale,16,409.59,orders_export
ORD-001922,2024-04-25,east,online,10,239.26,orders_export
ORD-001923,2024-04-25,west,retail,7,169.03,orders_export
ORD-001924,2024-04-26,north,wholesale,33,822.81,orders_export
ORD-001925,2024-04-26,south,online,18,442.01,orders_export
ORD-001926,2024-04-26,east,retail,10,249.48,orders_export
ORD-001927,2024-04-26,west,wholesale,7,164.56,orders_export
ORD-001928,2024-04-27,north,online,36,912.36,orders_export
ORD-001929,2024-04-27,south,retail,18,445.36,orders_export
ORD-001930,2024-04-27,east,wholesale,10,246.53,orders_export
ORD-001931,2024-04-27,west,online,7,183.14,orders_export
ORD-001932,2024-04-28,north,retail,32,793.28,orders_export
ORD-001933,2024-04-28,south,wholesale,17,435.28,orders_export
ORD-001934,2024-04-28,east,online,10,256.72,orders_export
ORD-001935,2024-04-28,west,retail,7,168.98,orders_export
ORD-001936,2024-04-29,north,wholesale,36,897.2,orders_export
ORD-001937,2024-04-29,south,online,16,402.29,orders_export
ORD-001938,2024-04-29,east,retail,11,266.04,orders_export
ORD-001939,2024-04-29,west,wholesale,7,175.34,orders_export
ORD-001940,2024-04-30,north,online,30,739.69,orders_export
ORD-001941,2024-04-30,south,retail,18,438.68,orders_export
ORD-001942,2024-04-30,east,wholesale,11,274.23,orders_export
ORD-001943,2024-04-30,west,online,7,183.61,orders_export
ORD-001944,2024-05-01,north,retail,34,858.05,orders_export
ORD-001945,2024-05-01,south,wholesale,17,436.87,orders_export
ORD-001946,2024-05-01,east,online,10,259.8,orders_export
ORD-001947,2024-05-01,west,retail,6,149.6,orders_export
ORD-001948,2024-05-02,north,wholesale,34,849.94,orders_export
ORD-001949,2024-05-02,south,online,18,445.98,orders_export
ORD-001950,2024-05-02,east,retail,10,247.54,orders_export
ORD-001951,2024-05-02,west,wholesale,7,172.02,orders_export
ORD-001952,2024-05-03,north,online,35,880.3,orders_export
ORD-001953,2024-05-03,south,retail,16,398.83,orders_export
ORD-001954,2024-05-03,east,wholesale,11,262.69,orders_export
ORD-001955,2024-05-03,west,online,7,186.33,orders_export
ORD-001956,2024-05-04,north,retail,37,928.78,orders_export
ORD-001957,2024-05-04,south,wholesale,19,486.11,orders_export
ORD-001958,2024-05-04,east,online,11,267.29,orders_export
ORD-001959,2024-05-04,west,retail,7,180.72,orders_export
ORD-001960,2024-05-05,north,wholesale,40,994.28,orders_export
ORD-001961,2024-05-05,south,online,15,385.81,orders_export
ORD-001962,2024-05-05,east,retail,10,260.46,orders_export
ORD-001963,2024-05-05,west,wholesale,7,173.13,orders_export
ORD-001964,2024-05-06,north,online,38,961.85,orders_export
ORD-001965,2024-05-06,south,retail,18,459.0,orders_export
ORD-001966,2024-05-06,east,wholesale,11,275.24,orders_export
ORD-001967,2024-05-06,west,online,7,163.22,orders_export
ORD-001968,2024-05-07,north,retail,35,868.79,orders_export
ORD-001969,2024-05-07,south,wholesale,17,420.12,orders_export
ORD-001970,2024-05-07,east,online,11,279.41,orders_export
ORD-001971,2024-05-07,west,retail,8,188.69,orders_export
ORD-001972,2024-05-08,north,wholesale,33,821.29,orders_export
ORD-001973,2024-05-08,south,online,17,416.76,orders_export
ORD-001974,2024-05-08,east,retail,10,256.62,orders_export
ORD-001975,2024-05-08,west,wholesale,7,172.18,orders_export
ORD-001976,2024-05-09,north,online,37,924.58,orders_export
ORD-001977,2024-05-09,south,retail,15,384.06,orders_export
ORD-001978,2024-05-09,east,wholesale,10,253.86,orders_export
ORD-001979,2024-05-09,west,online,7,183.2,orders_export
ORD-001980,2024-05-10,north,retail,36,888.95,orders_export
ORD-001981,2024-05-10,south,wholesale,16,407.41,orders_export
ORD-001982,2024-05-10,east,online,10,242.75,orders_export
ORD-001983,2024-05-10,west,retail,7,167.6,orders_export
ORD-001984,2024-05-11,north,wholesale,34,858.76,orders_export
ORD-001985,2024-05-11,south,online,16,387.75,orders_export
ORD-001986,2024-05-11,east,retail,10,245.37,orders_export
ORD-001987,2024-05-11,west,wholesale,6,161.94,orders_export
ORD-001988,2024-05-12,north,online,27,685.11,orders_export
ORD-001989,2024-05-12,south,retail,18,460.91,orders_export
ORD-001990,2024-05-12,east,wholesale,11,264.0,orders_export
ORD-001991,2024-05-12,west,online,6,157.96,orders_export
ORD-001992,2024-05-13,north,retail,34,857.29,orders_export
ORD-001993,2024-05-13,south,wholesale,17,430.61,orders_export
ORD-001994,2024-05-13,east,online,10,251.23,orders_export
ORD-001995,2024-05-13,west,retail,6,153.92,orders_export
ORD-001996,2024-05-14,north,wholesale,33,828.04,orders_export
ORD-001997,2024-05-14,south,online,16,390.84,orders_export
ORD-001998,2024-05-14,east,retail,10,261.46,orders_export
ORD-001999,2024-05-14,west,wholesale,7,168.53,orders_export
ORD-002000,2024-05-15,north,online,33,817.42,orders_export
ORD-002001,2024-05-15,south,retail,17,431.64,orders_export
ORD-002002,2024-05-15,east,wholesale,10,253.36,orders_export
ORD-002003,2024-05-15,west,online,7,163.45,orders_export
ORD-002004,2024-05-16,north,retail,33,822.89,orders_export
ORD-002005,2024-05-16,south,wholesale,17,413.33,orders_export
ORD-002006,2024-05-16,east,online,9,220.04,orders_export
ORD-002007,2024-05-16,west,retail,7,180.41,orders_export
ORD-002008,2024-05-17,north,wholesale,35,878.28,orders_export
ORD-002009,2024-05-17,south,online,17,421.07,orders_export
ORD-002010,2024-05-17,east,retail,9,236.01,orders_export
ORD-002011,2024-05-17,west,wholesale,7,183.36,orders_export
ORD-002012,2024-05-18,north,online,33,825.43,orders_export
ORD-002013,2024-05-18,south,retail,18,440.85,orders_export
ORD-002014,2024-05-18,east,wholesale,10,245.93,orders_export
ORD-002015,2024-05-18,west,online,8,188.84,orders_export
ORD-002016,2024-05-19,north,retail,36,911.76,orders_export
ORD-002017,2024-05-19,south,wholesale,17,419.99,orders_export
ORD-002018,2024-05-19,east,online,10,261.82,orders_export
ORD-002019,2024-05-19,west,retail,7,185.74,orders_export
ORD-002020,2024-05-20,north,wholesale,34,858.64,orders_export
ORD-002021,2024-05-20,south,online,17,415.55,orders_export
ORD-002022,2024-05-20,east,retail,10,241.63,orders_export
ORD-002023,2024-05-20,west,wholesale,7,166.75,orders_export
ORD-002024,2024-05-21,north,online,32,789.44,orders_export
ORD-002025,2024-05-21,south,retail,17,436.0,orders_export
ORD-002026,2024-05-21,east,wholesale,10,260.89,orders_export
ORD-002027,2024-05-21,west,online,7,177.08,orders_export
ORD-002028,2024-05-22,north,retail,36,892.65,orders_export
ORD-002029,2024-05-22,south,wholesale,18,449.81,orders_export
ORD-002030,2024-05-22,east,online,10,256.25,orders_export
ORD-002031,2024-05-22,west,retail,7,164.48,orders_export
ORD-002032,2024-05-23,north,wholesale,35,866.45,orders_export
ORD-002033,2024-05-23,south,online,17,420.85,orders_export
ORD-002034,2024-05-23,east,retail,10,238.35,orders_export
ORD-002035,2024-05-23,west,wholesale,7,173.28,orders_export
ORD-002036,2024-05-24,north,online,35,878.17,orders_export
ORD-002037,2024-05-24,south,retail,17,417.41,orders_export
ORD-002038,2024-05-24,east,wholesale,10,257.66,orders_export
ORD-002039,2024-05-24,west,online,6,159.4,orders_export
ORD-002040,2024-05-25,north,retail,35,877.08,orders_export
ORD-002041,2024-05-25,south,wholesale,16,398.1,orders_export
ORD-002042,2024-05-25,east,online,10,253.84,orders_export
ORD-002043,2024-05-25,west,retail,7,176.71,orders_export
ORD-002044,2024-05-26,north,wholesale,32,797.52,orders_export
ORD-002045,2024-05-26,south,online,15,375.61,orders_export
ORD-002046,2024-05-26,east,retail,10,252.31,orders_export
ORD-002047,2024-05-26,west,wholesale,7,173.9,orders_export
ORD-002048,2024-05-27,north,online,34,855.88,orders_export
ORD-002049,2024-05-27,south,retail,17,431.16,orders_export
ORD-002050,2024-05-27,east,wholesale,10,251.62,orders_export
ORD-002051,2024-05-27,west,online,6,147.85,orders_export
ORD-002052,2024-05-28,north,retail,31,774.48,orders_export
ORD-002053,2024-05-28,south,wholesale,16,390.28,orders_export
ORD-002054,2024-05-28,east,online,10,253.39,orders_export
ORD-002055,2024-05-28,west,retail,6,162.05,orders_export
ORD-002056,2024-05-29,north,wholesale,33,814.49,orders_export
ORD-002057,2024-05-29,south,online,18,439.92,orders_export
ORD-002058,2024-05-29,east,retail,9,236.47,orders_export
ORD-002059,2024-05-29,west,wholesale,7,167.99,orders_export
ORD-002060,2024-05-30,north,online,33,827.37,orders_export
ORD-002061,2024-05-30,south,retail,17,426.83,orders_export
ORD-002062,2024-05-30,east,wholesale,10,244.02,orders_export
ORD-002063,2024-05-30,west,online,7,172.37,orders_export
ORD-002064,2024-05-31,north,retail,36,894.29,orders_export
ORD-002065,2024-05-31,south,wholesale,16,392.61,orders_export
ORD-002066,2024-05-31,east,online,11,270.35,orders_export
ORD-002067,2024-05-31,west,retail,7,165.35,orders_export
ORD-002068,2024-06-01,north,wholesale,35,870.42,orders_export
ORD-002069,2024-06-01,south,online,16,398.75,orders_export
ORD-002070,2024-06-01,east,retail,9,236.32,orders_export
ORD-002071,2024-06-01,west,wholesale,6,161.31,orders_export
ORD-002072,2024-06-02,north,online,33,835.01,orders_export
ORD-002073,2024-06-02,south,retail,16,408.16,orders_export
ORD-002074,2024-06-02,east,wholesale,11,263.01,orders_export
ORD-002075,2024-06-02,west,online,6,162.11,orders_export
ORD-002076,2024-06-03,north,retail,35,873.41,orders_export
ORD-002077,2024-06-03,south,wholesale,16,409.53,orders_export
ORD-002078,2024-06-03,east,online,9,236.94,orders_export
ORD-002079,2024-06-03,west,retail,7,175.52,orders_export
ORD-002080,2024-06-04,north,wholesale,36,893.37,orders_export
ORD-002081,2024-06-04,south,online,16,404.25,orders_export
ORD-002082,2024-06-04,east,retail,10,239.09,orders_export
ORD-002083,2024-06-04,west,wholesale,7,164.31,orders_export
ORD-002084,2024-06-05,north,online,34,838.86,orders_export
ORD-002085,2024-06-05,south,retail,16,411.5,orders_export
ORD-002086,2024-06-05,east,wholesale,9,234.12,orders_export
ORD-002087,2024-06-05,west,online,7,163.32,orders_export
ORD-002088,2024-06-06,north,retail,33,823.78,orders_export
ORD-002089,2024-06-06,south,wholesale,17,436.4,orders_export
ORD-002090,2024-06-06,east,online,10,258.69,orders_export
ORD-002091,2024-06-06,west,retail,8,193.77,orders_export
ORD-002092,2024-06-07,north,wholesale,35,869.64,orders_export
ORD-002093,2024-06-07,south,online,15,382.6,orders_export
ORD-002094,2024-06-07,east,retail,9,230.99,orders_export
ORD-002095,2024-06-07,west,wholesale,7,170.81,orders_export
ORD-002096,2024-06-08,north,online,33,817.54,orders_export
ORD-002097,2024-06-08,south,retail,17,412.85,orders_export
ORD-002098,2024-06-08,east,wholesale,10,242.45,orders_export
ORD-002099,2024-06-08,west,online,6,152.48,orders_export
ORD-002100,2024-06-09,north,retail,35,865.96,orders_export
ORD-002101,2024-06-09,south,wholesale,17,423.32,orders_export
ORD-002102,2024-06-09,east,online,10,240.87,orders_export
ORD-002103,2024-06-09,west,retail,7,171.09,orders_export
ORD-002104,2024-06-10,north,wholesale,31,779.11,orders_export
ORD-002105,2024-06-10,south,online,17,434.16,orders_export
ORD-002106,2024-06-10,east,retail,9,236.59,orders_export
ORD-002107,2024-06-10,west,wholesale,7,180.91,orders_export
ORD-002108,2024-06-11,north,online,35,865.26,orders_export
ORD-002109,2024-06-11,south,retail,17,415.03,orders_export
ORD-002110,2024-06-11,east,wholesale,9,218.03,orders_export
ORD-002111,2024-06-11,west,online,7,174.37,orders_export
ORD-002112,2024-06-12,north,retail,36,896.85,orders_export
ORD-002113,2024-06-12,south,wholesale,19,462.63,orders_export
ORD-002114,2024-06-12,east,online,10,247.97,orders_export
ORD-002115,2024-06-12,west,retail,7,172.47,orders_export
ORD-002116,2024-06-13,north,wholesale,30,761.26,orders_export
ORD-002117,2024-06-13,south,online,16,401.23,orders_export
ORD-002118,2024-06-13,east,retail,11,265.21,orders_export
ORD-002119,2024-06-13,west,wholesale,7,174.7,orders_export
ORD-002120,2024-06-14,north,online,29,717.41,orders_export
ORD-002121,2024-06-14,south,retail,16,399.59,orders_export
ORD-002122,2024-06-14,east,wholesale,10,252.52,orders_export
ORD-002123,2024-06-14,west,online,7,175.08,orders_export
ORD-002124,2024-06-15,north,retail,30,756.98,orders_export
ORD-002125,2024-06-15,south,wholesale,17,417.65,orders_export
ORD-002126,2024-06-15,east,online,10,243.04,orders_export
ORD-002127,2024-06-15,west,retail,6,155.92,orders_export
ORD-002128,2024-06-16,north,wholesale,35,884.24,orders_export
ORD-002129,2024-06-16,south,online,17,418.93,orders_export
ORD-002130,2024-06-16,east,retail,10,242.41,orders_export
ORD-002131,2024-06-16,west,wholesale,8,196.64,orders_export
ORD-002132,2024-06-17,north,online,35,880.66,orders_export
ORD-002133,2024-06-17,south,retail,17,431.11,orders_export
ORD-002134,2024-06-17,east,wholesale,11,277.02,orders_export
ORD-002135,2024-06-17,west,online,7,178.65,orders_export
ORD-002136,2024-06-18,north,retail,30,747.98,orders_export
ORD-002137,2024-06-18,south,wholesale,16,411.02,orders_export
ORD-002138,2024-06-18,east,online,9,219.88,orders_export
ORD-002139,2024-06-18,west,retail,6,138.08,orders_export
ORD-002140,2024-06-19,north,wholesale,37,915.23,orders_export
ORD-002141,2024-06-19,south,online,17,417.72,orders_export
ORD-002142,2024-06-19,east,retail,10,258.39,orders_export
ORD-002143,2024-06-19,west,wholesale,6,162.47,orders_export
ORD-002144,2024-06-20,north,online,37,929.07,orders_export
ORD-002145,2024-06-20,south,retail,15,376.45,orders_export
ORD-002146,2024-06-20,east,wholesale,8,211.22,orders_export
ORD-002147,2024-06-20,west,online,6,161.36,orders_export
ORD-002148,2024-06-21,north,retail,34,844.97,orders_export
ORD-002149,2024-06-21,south,wholesale,15,371.79,orders_export
ORD-002150,2024-06-21,east,online,11,271.12,orders_export
ORD-002151,2024-06-21,west,retail,7,183.22,orders_export
ORD-002152,2024-06-22,north,wholesale,32,809.78,orders_export
ORD-002153,2024-06-22,south,online,17,430.07,orders_export
ORD-002154,2024-06-22,east,retail,10,242.92,orders_export
ORD-002155,2024-06-22,west,wholesale,7,176.75,orders_export
ORD-002156,2024-06-23,north,online,31,767.83,orders_export
ORD-002157,2024-06-23,south,retail,16,406.65,orders_export
ORD-002158,2024-06-23,east,wholesale,10,245.51,orders_export
ORD-002159,2024-06-23,west,online,7,170.26,orders_export
ORD-002160,2024-06-24,north,retail,35,880.44,orders_export
ORD-002161,2024-06-24,south,wholesale,16,390.5,orders_export
ORD-002162,2024-06-24,east,online,9,233.43,orders_export
ORD-002163,2024-06-24,west,retail,7,163.91,orders_export
ORD-002164,2024-06-25,north,wholesale,34,849.69,orders_export
ORD-002165,2024-06-25,south,online,17,419.22,orders_export
ORD-002166,2024-06-25,east,retail,9,225.35,orders_export
ORD-002167,2024-06-25,west,wholesale,7,173.28,orders_export
ORD-002168,2024-06-26,north,online,34,854.96,orders_export
ORD-002169,2024-06-26,south,retail,16,401.94,orders_export
ORD-002170,2024-06-26,east,wholesale,9,228.72,orders_export
ORD-002171,2024-06-26,west,online,6,151.83,orders_export
ORD-002172,2024-06-27,north,retail,32,800.01,orders_export
ORD-002173,2024-06-27,south,wholesale,16,406.56,orders_export
ORD-002174,2024-06-27,east,online,10,251.6,orders_export
ORD-002175,2024-06-27,west,retail,7,169.84,orders_export
ORD-002176,2024-06-28,north,wholesale,33,835.04,orders_export
ORD-002177,2024-06-28,south,online,16,403.93,orders_export
ORD-002178,2024-06-28,east,retail,9,231.25,orders_export
ORD-002179,2024-06-28,west,wholesale,7,185.69,orders_export
ORD-002180,2024-06-29,north,online,32,787.83,orders_export
ORD-002181,2024-06-29,south,retail,18,447.74,orders_export
ORD-002182,2024-06-29,east,wholesale,10,259.25,orders_export
ORD-002183,2024-06-29,west,online,6,145.92,orders_export
ORD-002184,2024-06-30,north,retail,31,768.06,orders_export
ORD-002185,2024-06-30,south,wholesale,16,396.73,orders_export
ORD-002186,2024-06-30,east,online,11,265.02,orders_export
ORD-002187,2024-06-30,west,retail,7,169.82,orders_export
ORD-002188,2024-07-01,north,wholesale,33,836.02,orders_export
ORD-002189,2024-07-01,south,online,16,387.75,orders_export
ORD-002190,2024-07-01,east,retail,10,243.24,orders_export
ORD-002191,2024-07-01,west,wholesale,6,161.5,orders_export
ORD-002192,2024-07-02,north,online,34,839.89,orders_export
ORD-002193,2024-07-02,south,retail,16,398.51,orders_export
ORD-002194,2024-07-02,east,wholesale,9,234.87,orders_export
ORD-002195,2024-07-02,west,online,7,162.77,orders_export
ORD-002196,2024-07-03,north,retail,33,816.33,orders_export
ORD-002197,2024-07-03,south,wholesale,16,402.34,orders_export
ORD-002198,2024-07-03,east,online,10,242.52,orders_export
ORD-002199,2024-07-03,west,retail,7,164.91,orders_export
ORD-002200,2024-07-04,north,wholesale,30,760.14,orders_export
ORD-002201,2024-07-04,south,online,16,393.19,orders_export
ORD-002202,2024-07-04,east,retail,9,225.56,orders_export
ORD-002203,2024-07-04,west,wholesale,7,166.14,orders_export
ORD-002204,2024-07-05,north,online,33,816.55,orders_export
ORD-002205,2024-07-05,south,retail,16,407.52,orders_export
ORD-002206,2024-07-05,east,wholesale,11,266.48,orders_export
ORD-002207,2024-07-05,west,online,7,173.31,orders_export
ORD-002208,2024-07-06,north,retail,31,777.35,orders_export
ORD-002209,2024-07-06,south,wholesale,15,381.45,orders_export
ORD-002210,2024-07-06,east,online,10,239.01,orders_export
ORD-002211,2024-07-06,west,retail,6,154.03,orders_export
ORD-002212,2024-07-07,north,wholesale,32,804.15,orders_export
ORD-002213,2024-07-07,south,online,16,389.02,orders_export
ORD-002214,2024-07-07,east,retail,10,240.55,orders_export
ORD-002215,2024-07-07,west,wholesale,6,162.49,orders_export
ORD-002216,2024-07-08,north,online,31,784.31,orders_export
ORD-002217,2024-07-08,south,retail,17,430.71,orders_export
ORD-002218,2024-07-08,east,wholesale,9,228.56,orders_export
ORD-002219,2024-07-08,west,online,6,161.83,orders_export
ORD-002220,2024-07-09,north,retail,29,718.19,orders_export
ORD-002221,2024-07-09,south,wholesale,15,378.99,orders_export
ORD-002222,2024-07-09,east,online,10,250.85,orders_export
ORD-002223,2024-07-09,west,retail,6,161.48,orders_export
ORD-002224,2024-07-10,north,wholesale,30,750.9,orders_export
ORD-002225,2024-07-10,south,online,17,417.89,orders_export
ORD-002226,2024-07-10,east,retail,9,232.32,orders_export
ORD-002227,2024-07-10,west,wholesale,7,168.5,orders_export
ORD-002228,2024-07-11,north,online,30,741.9,orders_export
ORD-002229,2024-07-11,south,retail,17,419.09,orders_export
ORD-002230,2024-07-11,east,wholesale,10,255.26,orders_export
ORD-002231,2024-07-11,west,online,7,182.19,orders_export
ORD-002232,2024-07-12,north,retail,34,855.33,orders_export
ORD-002233,2024-07-12,south,wholesale,17,414.5,orders_export
ORD-002234,2024-07-12,east,online,10,252.88,orders_export
ORD-002235,2024-07-12,west,retail,6,162.3,orders_export
ORD-002236,2024-07-13,north,wholesale,30,749.88,orders_export
ORD-002237,2024-07-13,south,online,16,410.35,orders_export
ORD-002238,2024-07-13,east,retail,9,221.09,orders_export
ORD-002239,2024-07-13,west,wholesale,6,144.84,orders_export
ORD-002240,2024-07-14,north,online,32,791.84,orders_export
ORD-002241,2024-07-14,south,retail,16,399.81,orders_export
ORD-002242,2024-07-14,east,wholesale,9,222.7,orders_export
ORD-002243,2024-07-14,west,online,6,158.4,orders_export
ORD-002244,2024-07-15,north,retail,32,799.24,orders_export
ORD-002245,2024-07-15,south,wholesale,13,336.69,orders_export
ORD-002246,2024-07-15,east,online,9,227.36,orders_export
ORD-002247,2024-07-15,west,retail,7,162.78,orders_export
ORD-002248,2024-07-16,north,wholesale,31,785.3,orders_export
ORD-002249,2024-07-16,south,online,17,436.56,orders_export
ORD-002250,2024-07-16,east,retail,10,242.49,orders_export
ORD-002251,2024-07-16,west,wholesale,6,158.95,orders_export
ORD-002252,2024-07-17,north,online,31,766.14,orders_export
ORD-002253,2024-07-17,south,retail,18,449.56,orders_export
ORD-002254,2024-07-17,east,wholesale,10,251.09,orders_export
ORD-002255,2024-07-17,west,online,6,160.86,orders_export
ORD-002256,2024-07-18,north,retail,31,774.4,orders_export
ORD-002257,2024-07-18,south,wholesale,17,425.59,orders_export
ORD-002258,2024-07-18,east,online,10,249.44,orders_export
ORD-002259,2024-07-18,west,retail,6,161.08,orders_export
ORD-002260,2024-07-19,north,wholesale,31,776.16,orders_export
ORD-002261,2024-07-19,south,online,17,431.55,orders_export
ORD-002262,2024-07-19,east,retail,10,247.34,orders_export
ORD-002263,2024-07-19,west,wholesale,6,148.94,orders_export
ORD-002264,2024-07-20,north,online,31,779.49,orders_export
ORD-002265,2024-07-20,south,retail,18,449.06,orders_export
ORD-002266,2024-07-20,east,wholesale,11,273.95,orders_export
ORD-002267,2024-07-20,west,online,6,154.36,orders_export
ORD-002268,2024-07-21,north,retail,32,810.04,orders_export
ORD-002269,2024-07-21,south,wholesale,15,378.06,orders_export
ORD-002270,2024-07-21,east,online,9,220.56,orders_export
ORD-002271,2024-07-21,west,retail,6,153.67,orders_export
ORD-002272,2024-07-22,north,wholesale,28,698.79,orders_export
ORD-002273,2024-07-22,south,online,17,429.8,orders_export
ORD-002274,2024-07-22,east,retail,9,234.86,orders_export
ORD-002275,2024-07-22,west,wholesale,7,169.89,orders_export
ORD-002276,2024-07-23,north,online,35,863.85,orders_export
ORD-002277,2024-07-23,south,retail,17,427.61,orders_export
ORD-002278,2024-07-23,east,wholesale,9,217.21,orders_export
ORD-002279,2024-07-23,west,online,6,159.6,orders_export
ORD-002280,2024-07-24,north,retail,30,758.29,orders_export
ORD-002281,2024-07-24,south,wholesale,16,398.01,orders_export
ORD-002282,2024-07-24,east,online,10,250.76,orders_export
ORD-002283,2024-07-24,west,retail,6,154.98,orders_export
ORD-002284,2024-07-25,north,wholesale,33,823.56,orders_export
ORD-002285,2024-07-25,south,online,18,438.79,orders_export
ORD-002286,2024-07-25,east,retail,10,252.16,orders_export
ORD-002287,2024-07-25,west,wholesale,6,148.97,orders_export
ORD-002288,2024-07-26,north,online,31,774.24,orders_export
ORD-002289,2024-07-26,south,retail,15,375.37,orders_export
ORD-002290,2024-07-26,east,wholesale,9,221.55,orders_export
ORD-002291,2024-07-26,west,online,6,162.08,orders_export
ORD-002292,2024-07-27,north,retail,30,754.86,orders_export
ORD-002293,2024-07-27,south,wholesale,16,401.48,orders_export
ORD-002294,2024-07-27,east,online,9,234.47,orders_export
ORD-002295,2024-07-27,west,retail,6,155.28,orders_export
ORD-002296,2024-07-28,north,wholesale,33,826.05,orders_export
ORD-002297,2024-07-28,south,online,16,406.39,orders_export
ORD-002298,2024-07-28,east,retail,10,238.53,orders_export
ORD-002299,2024-07-28,west,wholesale,6,160.66,orders_export
ORD-002300,2024-07-29,north,online,32,810.81,orders_export
ORD-002301,2024-07-29,south,retail,16,407.08,orders_export
ORD-002302,2024-07-29,east,wholesale,9,222.85,orders_export
ORD-002303,2024-07-29,west,online,6,149.37,orders_export
ORD-002304,2024-07-30,north,retail,32,797.82,orders_export
ORD-002305,2024-07-30,south,wholesale,15,363.22,orders_export
ORD-002306,2024-07-30,east,online,10,246.22,orders_export
ORD-002307,2024-07-30,west,retail,6,146.38,orders_export
ORD-002308,2024-07-31,north,wholesale,29,719.13,orders_export
ORD-002309,2024-07-31,south,online,16,389.93,orders_export
ORD-002310,2024-07-31,east,retail,9,228.35,orders_export
ORD-002311,2024-07-31,west,wholesale,6,150.18,orders_export
ORD-002312,2024-08-01,north,online,33,827.78,orders_export
ORD-002313,2024-08-01,south,retail,16,396.46,orders_export
ORD-002314,2024-08-01,east,wholesale,10,245.23,orders_export
ORD-002315,2024-08-01,west,online,6,157.28,orders_export
ORD-002316,2024-08-02,north,retail,28,695.02,orders_export
ORD-002317,2024-08-02,south,wholesale,16,393.11,orders_export
ORD-002318,2024-08-02,east,online,10,249.18,orders_export
ORD-002319,2024-08-02,west,retail,7,165.19,orders_export
ORD-002320,2024-08-03,north,wholesale,31,769.45,orders_export
ORD-002321,2024-08-03,south,online,16,393.22,orders_export
ORD-002322,2024-08-03,east,retail,10,248.27,orders_export
ORD-002323,2024-08-03,west,wholesale,6,155.3,orders_export
ORD-002324,2024-08-04,north,online,31,769.6,orders_export
ORD-002325,2024-08-04,south,retail,15,381.87,orders_export
ORD-002326,2024-08-04,east,wholesale,9,237.18,orders_export
ORD-002327,2024-08-04,west,online,7,168.61,orders_export
ORD-002328,2024-08-05,north,retail,33,821.14,orders_export
ORD-002329,2024-08-05,south,wholesale,16,390.68,orders_export
ORD-002330,2024-08-05,east,online,10,249.28,orders_export
ORD-002331,2024-08-05,west,retail,7,166.3,orders_export
ORD-002332,2024-08-06,north,wholesale,30,756.61,orders_export
ORD-002333,2024-08-06,south,online,15,366.31,orders_export
ORD-002334,2024-08-06,east,retail,9,236.3,orders_export
ORD-002335,2024-08-06,west,wholesale,6,159.22,orders_export
ORD-002336,2024-08-07,north,online,33,815.73,orders_export
ORD-002337,2024-08-07,south,retail,14,353.22,orders_export
ORD-002338,2024-08-07,east,wholesale,10,241.59,orders_export
ORD-002339,2024-08-07,west,online,6,156.7,orders_export
ORD-002340,2024-08-08,north,retail,30,760.25,orders_export
ORD-002341,2024-08-08,south,wholesale,15,379.9,orders_export
ORD-002342,2024-08-08,east,online,9,217.0,orders_export
ORD-002343,2024-08-08,west,retail,5,135.0,orders_export
ORD-002344,2024-08-09,north,wholesale,31,769.54,orders_export
ORD-002345,2024-08-09,south,online,16,404.13,orders_export
ORD-002346,2024-08-09,east,retail,10,244.45,orders_export
ORD-002347,2024-08-09,west,wholesale,6,158.27,orders_export
ORD-002348,2024-08-10,north,online,32,795.75,orders_export
ORD-002349,2024-08-10,south,retail,15,384.88,orders_export
ORD-002350,2024-08-10,east,wholesale,10,240.66,orders_export
ORD-002351,2024-08-10,west,online,7,170.8,orders_export
ORD-002352,2024-08-11,north,retail,32,794.3,orders_export
ORD-002353,2024-08-11,south,wholesale,16,391.35,orders_export
ORD-002354,2024-08-11,east,online,9,224.93,orders_export
ORD-002355,2024-08-11,west,retail,7,165.08,orders_export
ORD-002356,2024-08-12,north,wholesale,32,806.01,orders_export
ORD-002357,2024-08-12,south,online,15,379.89,orders_export
ORD-002358,2024-08-12,east,retail,10,244.73,orders_export
ORD-002359,2024-08-12,west,wholesale,6,159.04,orders_export
ORD-002360,2024-08-13,north,online,33,823.91,orders_export
ORD-002361,2024-08-13,south,retail,16,400.98,orders_export
ORD-002362,2024-08-13,east,wholesale,9,225.34,orders_export
ORD-002363,2024-08-13,west,online,6,154.93,orders_export
ORD-002364,2024-08-14,north,retail,33,831.17,orders_export
ORD-002365,2024-08-14,south,wholesale,16,396.5,orders_export
ORD-002366,2024-08-14,east,online,9,235.75,orders_export
ORD-002367,2024-08-14,west,retail,7,166.59,orders_export
ORD-002368,2024-08-15,north,wholesale,30,746.82,orders_export
ORD-002369,2024-08-15,south,online,16,404.06,orders_export
ORD-002370,2024-08-15,east,retail,10,242.39,orders_export
ORD-002371,2024-08-15,west,wholesale,6,153.44,orders_export
ORD-002372,2024-08-16,north,online,30,740.21,orders_export
ORD-002373,2024-08-16,south,retail,15,380.98,orders_export
ORD-002374,2024-08-16,east,wholesale,10,253.61,orders_export
ORD-002375,2024-08-16,west,online,7,164.26,orders_export
ORD-002376,2024-08-17,north,retail,32,788.18,orders_export
ORD-002377,2024-08-17,south,wholesale,15,364.5,orders_export
ORD-002378,2024-08-17,east,online,9,221.38,orders_export
ORD-002379,2024-08-17,west,retail,6,151.38,orders_export
ORD-002380,2024-08-18,north,wholesale,28,702.33,orders_export
ORD-002381,2024-08-18,south,online,17,431.79,orders_export
ORD-002382,2024-08-18,east,retail,8,211.69,orders_export
ORD-002383,2024-08-18,west,wholesale,7,167.25,orders_export
ORD-002384,2024-08-19,north,online,31,769.03,orders_export
ORD-002385,2024-08-19,south,retail,16,388.7,orders_export
ORD-002386,2024-08-19,east,wholesale,10,240.74,orders_export
ORD-002387,2024-08-19,west,online,7,163.26,orders_export
ORD-002388,2024-08-20,north,retail,32,796.96,orders_export
ORD-002389,2024-08-20,south,wholesale,15,369.94,orders_export
ORD-002390,2024-08-20,east,online,10,246.17,orders_export
ORD-002391,2024-08-20,west,retail,7,178.07,orders_export
ORD-002392,2024-08-21,north,wholesale,30,748.44,orders_export
ORD-002393,2024-08-21,south,online,14,360.52,orders_export
ORD-002394,2024-08-21,east,retail,9,214.78,orders_export
ORD-002395,2024-08-21,west,wholesale,6,140.71,orders_export
ORD-002396,2024-08-22,north,online,29,720.77,orders_export
ORD-002397,2024-08-22,south,retail,15,384.57,orders_export
ORD-002398,2024-08-22,east,wholesale,8,208.02,orders_export
ORD-002399,2024-08-22,west,online,6,152.61,orders_export
ORD-002400,2024-08-23,north,retail,29,724.44,orders_export
ORD-002401,2024-08-23,south,wholesale,15,367.21,orders_export
ORD-002402,2024-08-23,east,online,9,235.45,orders_export
ORD-002403,2024-08-23,west,retail,6,157.66,orders_export
ORD-002404,2024-08-24,north,wholesale,31,780.17,orders_export
ORD-002405,2024-08-24,south,online,14,352.69,orders_export
ORD-002406,2024-08-24,east,retail,10,241.5,orders_export
ORD-002407,2024-08-24,west,wholesale,7,169.51,orders_export
ORD-002408,2024-08-25,north,online,31,783.83,orders_export
ORD-002409,2024-08-25,south,retail,14,357.81,orders_export
ORD-002410,2024-08-25,east,wholesale,9,232.58,orders_export
ORD-002411,2024-08-25,west,online,7,162.84,orders_export
ORD-002412,2024-08-26,north,retail,31,787.19,orders_export
ORD-002413,2024-08-26,south,wholesale,15,364.0,orders_export
ORD-002414,2024-08-26,east,online,9,236.03,orders_export
ORD-002415,2024-08-26,west,retail,6,156.67,orders_export
ORD-002416,2024-08-27,north,wholesale,31,766.54,orders_export
ORD-002417,2024-08-27,south,online,16,389.09,orders_export
ORD-002418,2024-08-27,east,retail,10,242.24,orders_export
ORD-002419,2024-08-27,west,wholesale,7,162.94,orders_export
ORD-002420,2024-08-28,north,online,32,798.26,orders_export
ORD-002421,2024-08-28,south,retail,17,431.87,orders_export
ORD-002422,2024-08-28,east,wholesale,9,224.61,orders_export
ORD-002423,2024-08-28,west,online,6,155.33,orders_export
ORD-002424,2024-08-29,north,retail,30,758.62,orders_export
ORD-002425,2024-08-29,south,wholesale,17,419.01,orders_export
ORD-002426,2024-08-29,east,online,10,237.58,orders_export
ORD-002427,2024-08-29,west,retail,7,162.65,orders_export
ORD-002428,2024-08-30,north,wholesale,31,786.92,orders_export
ORD-002429,2024-08-30,south,online,15,371.24,orders_export
ORD-002430,2024-08-30,east,retail,9,235.8,orders_export
ORD-002431,2024-08-30,west,wholesale,6,146.25,orders_export
ORD-002432,2024-08-31,north,online,32,795.47,orders_export
ORD-002433,2024-08-31,south,retail,15,369.71,orders_export
ORD-002434,2024-08-31,east,wholesale,9,215.78,orders_export
ORD-002435,2024-08-31,west,online,6,158.97,orders_export
ORD-002436,2024-09-01,north,retail,31,766.38,orders_export
ORD-002437,2024-09-01,south,wholesale,15,367.7,orders_export
ORD-002438,2024-09-01,east,online,9,220.08,orders_export
ORD-002439,2024-09-01,west,retail,6,150.67,orders_export
ORD-002440,2024-09-02,north,wholesale,33,826.94,orders_export
ORD-002441,2024-09-02,south,online,14,360.01,orders_export
ORD-002442,2024-09-02,east,retail,8,201.38,orders_export
ORD-002443,2024-09-02,west,wholesale,6,151.4,orders_export
ORD-002444,2024-09-03,north,online,32,799.92,orders_export
ORD-002445,2024-09-03,south,retail,14,351.61,orders_export
ORD-002446,2024-09-03,east,wholesale,9,216.66,orders_export
ORD-002447,2024-09-03,west,online,6,150.58,orders_export
ORD-002448,2024-09-04,north,retail,33,816.61,orders_export
ORD-002449,2024-09-04,south,wholesale,15,376.67,orders_export
ORD-002450,2024-09-04,east,online,10,244.48,orders_export
ORD-002451,2024-09-04,west,retail,6,145.81,orders_export
ORD-002452,2024-09-05,north,wholesale,31,781.26,orders_export
ORD-002453,2024-09-05,south,online,17,430.54,orders_export
ORD-002454,2024-09-05,east,retail,9,223.67,orders_export
ORD-002455,2024-09-05,west,wholesale,6,161.51,orders_export
ORD-002456,2024-09-06,north,online,29,736.49,orders_export
ORD-002457,2024-09-06,south,retail,16,395.49,orders_export
ORD-002458,2024-09-06,east,wholesale,9,234.38,orders_export
ORD-002459,2024-09-06,west,online,6,158.32,orders_export
ORD-002460,2024-09-07,north,retail,35,865.65,orders_export
ORD-002461,2024-09-07,south,wholesale,15,366.06,orders_export
ORD-002462,2024-09-07,east,online,10,238.73,orders_export
ORD-002463,2024-09-07,west,retail,6,140.67,orders_export
ORD-002464,2024-09-08,north,wholesale,32,799.12,orders_export
ORD-002465,2024-09-08,south,online,15,384.07,orders_export
ORD-002466,2024-09-08,east,retail,9,220.34,orders_export
ORD-002467,2024-09-08,west,wholesale,6,157.41,orders_export
ORD-002468,2024-09-09,north,online,30,755.67,orders_export
ORD-002469,2024-09-09,south,retail,15,370.6,orders_export
ORD-002470,2024-09-09,east,wholesale,10,246.45,orders_export
ORD-002471,2024-09-09,west,online,6,156.63,orders_export
ORD-002472,2024-09-10,north,retail,35,872.41,orders_export
ORD-002473,2024-09-10,south,wholesale,16,403.61,orders_export
ORD-002474,2024-09-10,east,online,9,229.88,orders_export
ORD-002475,2024-09-10,west,retail,6,149.07,orders_export
ORD-002476,2024-09-11,north,wholesale,32,795.81,orders_export
ORD-002477,2024-09-11,south,online,17,428.91,orders_export
ORD-002478,2024-09-11,east,retail,9,226.51,orders_export
ORD-002479,2024-09-11,west,wholesale,6,154.46,orders_export
ORD-002480,2024-09-12,north,online,31,764.02,orders_export
ORD-002481,2024-09-12,south,retail,14,341.83,orders_export
ORD-002482,2024-09-12,east,wholesale,9,232.12,orders_export
ORD-002483,2024-09-12,west,online,7,164.03,orders_export
ORD-002484,2024-09-13,north,retail,33,813.87,orders_export
ORD-002485,2024-09-13,south,wholesale,17,414.18,orders_export
ORD-002486,2024-09-13,east,online,9,223.28,orders_export
ORD-002487,2024-09-13,west,retail,6,152.92,orders_export
ORD-002488,2024-09-14,north,wholesale,31,782.23,orders_export
ORD-002489,2024-09-14,south,online,16,401.55,orders_export
ORD-002490,2024-09-14,east,retail,9,225.64,orders_export
ORD-002491,2024-09-14,west,wholesale,6,149.18,orders_export
ORD-002492,2024-09-15,north,online,30,739.67,orders_export
ORD-002493,2024-09-15,south,retail,17,418.89,orders_export
ORD-002494,2024-09-15,east,wholesale,10,237.95,orders_export
ORD-002495,2024-09-15,west,online,6,148.19,orders_export
ORD-002496,2024-09-16,north,retail,32,796.37,orders_export
ORD-002497,2024-09-16,south,wholesale,16,405.53,orders_export
ORD-002498,2024-09-16,east,online,9,234.8,orders_export
ORD-002499,2024-09-16,west,retail,6,150.76,orders_export
ORD-002500,2024-09-17,north,wholesale,33,815.71,orders_export
ORD-002501,2024-09-17,south,online,14,354.16,orders_export
ORD-002502,2024-09-17,east,retail,9,226.84,orders_export
ORD-002503,2024-09-17,west,wholesale,7,174.31,orders_export
ORD-002504,2024-09-18,north,online,33,822.7,orders_export
ORD-002505,2024-09-18,south,retail,17,432.1,orders_export
ORD-002506,2024-09-18,east,wholesale,10,239.18,orders_export
ORD-002507,2024-09-18,west,online,6,147.88,orders_export
ORD-002508,2024-09-19,north,retail,29,722.28,orders_export
ORD-002509,2024-09-19,south,wholesale,15,376.74,orders_export
ORD-002510,2024-09-19,east,online,10,238.91,orders_export
ORD-002511,2024-09-19,west,retail,6,146.53,orders_export
ORD-002512,2024-09-20,north,wholesale,32,787.59,orders_export
ORD-002513,2024-09-20,south,online,15,369.11,orders_export
ORD-002514,2024-09-20,east,retail,9,228.22,orders_export
ORD-002515,2024-09-20,west,wholesale,6,161.97,orders_export
ORD-002516,2024-09-21,north,online,32,789.09,orders_export
ORD-002517,2024-09-21,south,retail,17,424.85,orders_export
ORD-002518,2024-09-21,east,wholesale,9,225.3,orders_export
ORD-002519,2024-09-21,west,online,6,150.87,orders_export
ORD-002520,2024-09-22,north,retail,34,851.01,orders_export
ORD-002521,2024-09-22,south,wholesale,14,360.71,orders_export
ORD-002522,2024-09-22,east,online,10,237.62,orders_export
ORD-002523,2024-09-22,west,retail,7,170.13,orders_export
ORD-002524,2024-09-23,north,wholesale,31,780.88,orders_export
ORD-002525,2024-09-23,south,online,17,415.43,orders_export
ORD-002526,2024-09-23,east,retail,9,229.21,orders_export
ORD-002527,2024-09-23,west,wholesale,7,165.14,orders_export
ORD-002528,2024-09-24,north,online,26,661.19,orders_export
ORD-002529,2024-09-24,south,retail,14,342.0,orders_export
ORD-002530,2024-09-24,east,wholesale,9,232.31,orders_export
ORD-002531,2024-09-24,west,online,6,146.86,orders_export
ORD-002532,2024-09-25,north,retail,32,803.97,orders_export
ORD-002533,2024-09-25,south,wholesale,14,343.47,orders_export
ORD-002534,2024-09-25,east,online,10,249.22,orders_export
ORD-002535,2024-09-25,west,retail,6,160.84,orders_export
ORD-002536,2024-09-26,north,wholesale,27,667.38,orders_export
ORD-002537,2024-09-26,south,online,15,387.26,orders_export
ORD-002538,2024-09-26,east,retail,10,253.65,orders_export
ORD-002539,2024-09-26,west,wholesale,5,137.17,orders_export
ORD-002540,2024-09-27,north,online,30,739.65,orders_export
ORD-002541,2024-09-27,south,retail,15,386.1,orders_export
ORD-002542,2024-09-27,east,wholesale,9,227.44,orders_export
ORD-002543,2024-09-27,west,online,6,150.07,orders_export
ORD-002544,2024-09-28,north,retail,33,812.52,orders_export
ORD-002545,2024-09-28,south,wholesale,15,372.08,orders_export
ORD-002546,2024-09-28,east,online,9,226.64,orders_export
ORD-002547,2024-09-28,west,retail,6,159.98,orders_export
ORD-002548,2024-09-29,north,wholesale,31,782.99,orders_export
ORD-002549,2024-09-29,south,online,16,390.73,orders_export
ORD-002550,2024-09-29,east,retail,9,224.85,orders_export
ORD-002551,2024-09-29,west,wholesale,7,164.92,orders_export
ORD-002552,2024-09-30,north,online,30,751.35,orders_export
ORD-002553,2024-09-30,south,retail,16,397.67,orders_export
ORD-002554,2024-09-30,east,wholesale,10,242.29,orders_export
ORD-002555,2024-09-30,west,online,7,168.95,orders_export
ORD-002556,2024-10-01,north,retail,30,759.31,orders_export
ORD-002557,2024-10-01,south,wholesale,16,396.67,orders_export
ORD-002558,2024-10-01,east,online,10,243.13,orders_export
ORD-002559,2024-10-01,west,retail,6,141.93,orders_export
ORD-002560,2024-10-02,north,wholesale,32,787.66,orders_export
ORD-002561,2024-10-02,south,online,14,362.22,orders_export
ORD-002562,2024-10-02,east,retail,9,215.02,orders_export
ORD-002563,2024-10-02,west,wholesale,6,158.51,orders_export
ORD-002564,2024-10-03,north,online,27,686.82,orders_export
ORD-002565,2024-10-03,south,retail,17,413.09,orders_export
ORD-002566,2024-10-03,east,wholesale,9,232.58,orders_export
ORD-002567,2024-10-03,west,online,6,160.71,orders_export
ORD-002568,2024-10-04,north,retail,29,729.4,orders_export
ORD-002569,2024-10-04,south,wholesale,15,364.15,orders_export
ORD-002570,2024-10-04,east,online,10,238.1,orders_export
ORD-002571,2024-10-04,west,retail,6,155.99,orders_export
ORD-002572,2024-10-05,north,wholesale,30,757.7,orders_export
ORD-002573,2024-10-05,south,online,17,415.77,orders_export
ORD-002574,2024-10-05,east,retail,9,219.71,orders_export
ORD-002575,2024-10-05,west,wholesale,6,150.81,orders_export
ORD-002576,2024-10-06,north,online,34,837.84,orders_export
ORD-002577,2024-10-06,south,retail,14,355.73,orders_export
ORD-002578,2024-10-06,east,wholesale,10,245.81,orders_export
ORD-002579,2024-10-06,west,online,7,165.3,orders_export
ORD-002580,2024-10-07,north,retail,33,814.84,orders_export
ORD-002581,2024-10-07,south,wholesale,14,360.35,orders_export
ORD-002582,2024-10-07,east,online,10,247.6,orders_export
ORD-002583,2024-10-07,west,retail,6,154.67,orders_export
ORD-002584,2024-10-08,north,wholesale,31,764.75,orders_export
ORD-002585,2024-10-08,south,online,14,355.76,orders_export
ORD-002586,2024-10-08,east,retail,10,253.41,orders_export
ORD-002587,2024-10-08,west,wholesale,6,149.35,orders_export
ORD-002588,2024-10-09,north,online,30,750.22,orders_export
ORD-002589,2024-10-09,south,retail,16,389.54,orders_export
ORD-002590,2024-10-09,east,wholesale,9,231.65,orders_export
ORD-002591,2024-10-09,west,online,6,160.79,orders_export
ORD-002592,2024-10-10,north,retail,30,760.01,orders_export
ORD-002593,2024-10-10,south,wholesale,17,418.61,orders_export
ORD-002594,2024-10-10,east,online,10,253.83,orders_export
ORD-002595,2024-10-10,west,retail,6,147.18,orders_export
ORD-002596,2024-10-11,north,wholesale,31,771.63,orders_export
ORD-002597,2024-10-11,south,online,17,423.94,orders_export
ORD-002598,2024-10-11,east,retail,9,230.92,orders_export
ORD-002599,2024-10-11,west,wholesale,6,145.18,orders_export
ORD-002600,2024-10-12,north,online,34,849.54,orders_export
ORD-002601,2024-10-12,south,retail,16,405.38,orders_export
ORD-002602,2024-10-12,east,wholesale,10,261.26,orders_export
ORD-002603,2024-10-12,west,online,6,151.87,orders_export
ORD-002604,2024-10-13,north,retail,30,761.46,orders_export
ORD-002605,2024-10-13,south,wholesale,17,412.77,orders_export
ORD-002606,2024-10-13,east,online,11,271.65,orders_export
ORD-002607,2024-10-13,west,retail,7,162.84,orders_export
ORD-002608,2024-10-14,north,wholesale,33,827.14,orders_export
ORD-002609,2024-10-14,south,online,15,386.13,orders_export
ORD-002610,2024-10-14,east,retail,10,241.43,orders_export
ORD-002611,2024-10-14,west,wholesale,7,168.11,orders_export
ORD-002612,2024-10-15,north,online,30,759.0,orders_export
ORD-002613,2024-10-15,south,retail,15,364.48,orders_export
ORD-002614,2024-10-15,east,wholesale,10,245.1,orders_export
ORD-002615,2024-10-15,west,online,6,144.79,orders_export
ORD-002616,2024-10-16,north,retail,34,847.91,orders_export
ORD-002617,2024-10-16,south,wholesale,17,414.85,orders_export
ORD-002618,2024-10-16,east,online,9,233.64,orders_export
ORD-002619,2024-10-16,west,retail,6,156.79,orders_export
ORD-002620,2024-10-17,north,wholesale,32,793.06,orders_export
ORD-002621,2024-10-17,south,online,15,384.82,orders_export
ORD-002622,2024-10-17,east,retail,10,238.21,orders_export
ORD-002623,2024-10-17,west,wholesale,6,157.37,orders_export
ORD-002624,2024-10-18,north,online,33,820.65,orders_export
ORD-002625,2024-10-18,south,retail,18,438.14,orders_export
ORD-002626,2024-10-18,east,wholesale,10,259.7,orders_export
ORD-002627,2024-10-18,west,online,7,169.32,orders_export
ORD-002628,2024-10-19,north,retail,30,740.37,orders_export
ORD-002629,2024-10-19,south,wholesale,16,399.61,orders_export
ORD-002630,2024-10-19,east,online,9,235.97,orders_export
ORD-002631,2024-10-19,west,retail,6,149.02,orders_export
ORD-002632,2024-10-20,north,wholesale,29,721.2,orders_export
ORD-002633,2024-10-20,south,online,15,366.05,orders_export
ORD-002634,2024-10-20,east,retail,10,244.88,orders_export
ORD-002635,2024-10-20,west,wholesale,6,161.4,orders_export
ORD-002636,2024-10-21,north,online,32,803.36,orders_export
ORD-002637,2024-10-21,south,retail,17,427.16,orders_export
ORD-002638,2024-10-21,east,wholesale,9,223.08,orders_export
ORD-002639,2024-10-21,west,online,7,171.26,orders_export
ORD-002640,2024-10-22,north,retail,32,810.91,orders_export
ORD-002641,2024-10-22,south,wholesale,16,398.98,orders_export
ORD-002642,2024-10-22,east,online,9,230.88,orders_export
ORD-002643,2024-10-22,west,retail,7,164.3,orders_export
ORD-002644,2024-10-23,north,wholesale,32,795.98,orders_export
ORD-002645,2024-10-23,south,online,16,399.27,orders_export
ORD-002646,2024-10-23,east,retail,8,195.17,orders_export
ORD-002647,2024-10-23,west,wholesale,7,170.69,orders_export
ORD-002648,2024-10-24,north,online,35,880.63,orders_export
ORD-002649,2024-10-24,south,retail,18,442.15,orders_export
ORD-002650,2024-10-24,east,wholesale,9,235.31,orders_export
ORD-002651,2024-10-24,west,online,7,171.08,orders_export
ORD-002652,2024-10-25,north,retail,33,821.99,orders_export
ORD-002653,2024-10-25,south,wholesale,16,396.04,orders_export
ORD-002654,2024-10-25,east,online,9,237.19,orders_export
ORD-002655,2024-10-25,west,retail,6,160.5,orders_export
ORD-002656,2024-10-26,north,wholesale,30,753.9,orders_export
ORD-002657,2024-10-26,south,online,16,391.24,orders_export
ORD-002658,2024-10-26,east,retail,9,232.32,orders_export
ORD-002659,2024-10-26,west,wholesale,7,169.59,orders_export
ORD-002660,2024-10-27,north,online,31,770.89,orders_export
ORD-002661,2024-10-27,south,retail,18,447.58,orders_export
ORD-002662,2024-10-27,east,wholesale,9,236.55,orders_export
ORD-002663,2024-10-27,west,online,6,142.11,orders_export
ORD-002664,2024-10-28,north,retail,33,831.33,orders_export
ORD-002665,2024-10-28,south,wholesale,15,384.08,orders_export
ORD-002666,2024-10-28,east,online,9,232.07,orders_export
ORD-002667,2024-10-28,west,retail,7,174.03,orders_export
ORD-002668,2024-10-29,north,wholesale,33,825.8,orders_export
ORD-002669,2024-10-29,south,online,18,457.12,orders_export
ORD-002670,2024-10-29,east,retail,10,249.84,orders_export
ORD-002671,2024-10-29,west,wholesale,6,150.5,orders_export
ORD-002672,2024-10-30,north,online,36,892.55,orders_export
ORD-002673,2024-10-30,south,retail,16,402.79,orders_export
ORD-002674,2024-10-30,east,wholesale,10,245.67,orders_export
ORD-002675,2024-10-30,west,online,7,163.9,orders_export
ORD-002676,2024-10-31,north,retail,34,852.63,orders_export
ORD-002677,2024-10-31,south,wholesale,16,392.6,orders_export
ORD-002678,2024-10-31,east,online,9,232.98,orders_export
ORD-002679,2024-10-31,west,retail,7,171.17,orders_export
ORD-002680,2024-11-01,north,wholesale,33,823.29,orders_export
ORD-002681,2024-11-01,south,online,16,407.45,orders_export
ORD-002682,2024-11-01,east,retail,9,226.93,orders_export
ORD-002683,2024-11-01,west,wholesale,6,143.9,orders_export
ORD-002684,2024-11-02,north,online,35,876.22,orders_export
ORD-002685,2024-11-02,south,retail,16,405.9,orders_export
ORD-002686,2024-11-02,east,wholesale,10,261.63,orders_export
ORD-002687,2024-11-02,west,online,7,169.23,orders_export
ORD-002688,2024-11-03,north,retail,28,699.47,orders_export
ORD-002689,2024-11-03,south,wholesale,18,449.25,orders_export
ORD-002690,2024-11-03,east,online,10,246.72,orders_export
ORD-002691,2024-11-03,west,retail,7,174.94,orders_export
ORD-002692,2024-11-04,north,wholesale,36,900.11,orders_export
ORD-002693,2024-11-04,south,online,15,374.91,orders_export
ORD-002694,2024-11-04,east,retail,10,260.27,orders_export
ORD-002695,2024-11-04,west,wholesale,7,166.0,orders_export
ORD-002696,2024-11-05,north,online,33,814.73,orders_export
ORD-002697,2024-11-05,south,retail,17,430.98,orders_export
ORD-002698,2024-11-05,east,wholesale,10,260.06,orders_export
ORD-002699,2024-11-05,west,online,6,148.01,orders_export
ORD-002700,2024-11-06,north,retail,33,827.54,orders_export
ORD-002701,2024-11-06,south,wholesale,16,409.83,orders_export
ORD-002702,2024-11-06,east,online,10,241.99,orders_export
ORD-002703,2024-11-06,west,retail,7,176.35,orders_export
ORD-002704,2024-11-07,north,wholesale,36,893.55,orders_export
ORD-002705,2024-11-07,south,online,15,368.84,orders_export
ORD-002706,2024-11-07,east,retail,10,253.46,orders_export
ORD-002707,2024-11-07,west,wholesale,7,172.08,orders_export
ORD-002708,2024-11-08,north,online,35,886.13,orders_export
ORD-002709,2024-11-08,south,retail,17,416.94,orders_export
ORD-002710,2024-11-08,east,wholesale,10,259.27,orders_export
ORD-002711,2024-11-08,west,online,7,171.61,orders_export
ORD-002712,2024-11-09,north,retail,33,813.83,orders_export
ORD-002713,2024-11-09,south,wholesale,16,404.68,orders_export
ORD-002714,2024-11-09,east,online,10,240.43,orders_export
ORD-002715,2024-11-09,west,retail,7,176.72,orders_export
ORD-002716,2024-11-10,north,wholesale,36,895.23,orders_export
ORD-002717,2024-11-10,south,online,16,389.29,orders_export
ORD-002718,2024-11-10,east,retail,10,245.58,orders_export
ORD-002719,2024-11-10,west,wholesale,7,168.61,orders_export
ORD-002720,2024-11-11,north,online,36,900.32,orders_export
ORD-002721,2024-11-11,south,retail,20,489.61,orders_export
ORD-002722,2024-11-11,east,wholesale,11,271.98,orders_export
ORD-002723,2024-11-11,west,online,7,163.67,orders_export
ORD-002724,2024-11-12,north,retail,34,851.1,orders_export
ORD-002725,2024-11-12,south,wholesale,16,411.38,orders_export
ORD-002726,2024-11-12,east,online,10,254.35,orders_export
ORD-002727,2024-11-12,west,retail,7,165.39,orders_export
ORD-002728,2024-11-13,north,wholesale,34,862.25,orders_export
ORD-002729,2024-11-13,south,online,16,391.94,orders_export
ORD-002730,2024-11-13,east,retail,10,249.22,orders_export
ORD-002731,2024-11-13,west,wholesale,7,175.8,orders_export
ORD-002732,2024-11-14,north,online,36,900.93,orders_export
ORD-002733,2024-11-14,south,retail,18,439.07,orders_export
ORD-002734,2024-11-14,east,wholesale,10,247.19,orders_export
ORD-002735,2024-11-14,west,online,7,169.87,orders_export
ORD-002736,2024-11-15,north,retail,34,853.5,orders_export
ORD-002737,2024-11-15,south,wholesale,18,452.87,orders_export
ORD-002738,2024-11-15,east,online,11,287.09,orders_export
ORD-002739,2024-11-15,west,retail,6,156.01,orders_export
ORD-002740,2024-11-16,north,wholesale,35,884.25,orders_export
ORD-002741,2024-11-16,south,online,16,409.75,orders_export
ORD-002742,2024-11-16,east,retail,10,246.45,orders_export
ORD-002743,2024-11-16,west,wholesale,7,171.38,orders_export
ORD-002744,2024-11-17,north,online,30,745.6,orders_export
ORD-002745,2024-11-17,south,retail,15,363.03,orders_export
ORD-002746,2024-11-17,east,wholesale,10,251.54,orders_export
ORD-002747,2024-11-17,west,online,7,186.85,orders_export
ORD-002748,2024-11-18,north,retail,34,859.87,orders_export
ORD-002749,2024-11-18,south,wholesale,17,421.67,orders_export
ORD-002750,2024-11-18,east,online,10,252.65,orders_export
ORD-002751,2024-11-18,west,retail,7,164.27,orders_export
ORD-002752,2024-11-19,north,wholesale,31,783.56,orders_export
ORD-002753,2024-11-19,south,online,16,389.44,orders_export
ORD-002754,2024-11-19,east,retail,10,240.57,orders_export
ORD-002755,2024-11-19,west,wholesale,7,168.79,orders_export
ORD-002756,2024-11-20,north,online,35,879.43,orders_export
ORD-002757,2024-11-20,south,retail,17,421.73,orders_export
ORD-002758,2024-11-20,east,wholesale,11,268.08,orders_export
ORD-002759,2024-11-20,west,online,6,154.13,orders_export
ORD-002760,2024-11-21,north,retail,32,798.17,orders_export
ORD-002761,2024-11-21,south,wholesale,15,382.07,orders_export
ORD-002762,2024-11-21,east,online,11,275.61,orders_export
ORD-002763,2024-11-21,west,retail,7,180.66,orders_export
ORD-002764,2024-11-22,north,wholesale,32,808.99,orders_export
ORD-002765,2024-11-22,south,online,17,433.7,orders_export
ORD-002766,2024-11-22,east,retail,10,258.89,orders_export
ORD-002767,2024-11-22,west,wholesale,7,174.71,orders_export
ORD-002768,2024-11-23,north,online,38,944.74,orders_export
ORD-002769,2024-11-23,south,retail,19,469.01,orders_export
ORD-002770,2024-11-23,east,wholesale,10,248.69,orders_export
ORD-002771,2024-11-23,west,online,7,181.31,orders_export
ORD-002772,2024-11-24,north,retail,39,977.96,orders_export
ORD-002773,2024-11-24,south,wholesale,17,432.94,orders_export
ORD-002774,2024-11-24,east,online,11,276.29,orders_export
ORD-002775,2024-11-24,west,retail,7,162.75,orders_export
ORD-002776,2024-11-25,north,wholesale,30,746.77,orders_export
ORD-002777,2024-11-25,south,online,18,441.89,orders_export
ORD-002778,2024-11-25,east,retail,10,249.83,orders_export
ORD-002779,2024-11-25,west,wholesale,7,184.29,orders_export
ORD-002780,2024-11-26,north,online,30,760.82,orders_export
ORD-002781,2024-11-26,south,retail,16,406.68,orders_export
ORD-002782,2024-11-26,east,wholesale,10,253.91,orders_export
ORD-002783,2024-11-26,west,online,8,192.57,orders_export
ORD-002784,2024-11-27,north,retail,32,796.68,orders_export
ORD-002785,2024-11-27,south,wholesale,16,394.15,orders_export
ORD-002786,2024-11-27,east,online,10,255.36,orders_export
ORD-002787,2024-11-27,west,retail,7,168.6,orders_export
ORD-002788,2024-11-28,north,wholesale,36,906.6,orders_export
ORD-002789,2024-11-28,south,online,18,442.41,orders_export
ORD-002790,2024-11-28,east,retail,10,247.88,orders_export
ORD-002791,2024-11-28,west,wholesale,7,176.46,orders_export
ORD-002792,2024-11-29,north,online,35,869.69,orders_export
ORD-002793,2024-11-29,south,retail,18,443.73,orders_export
ORD-002794,2024-11-29,east,wholesale,12,288.01,orders_export
ORD-002795,2024-11-29,west,online,7,163.85,orders_export
ORD-002796,2024-11-30,north,retail,38,947.94,orders_export
ORD-002797,2024-11-30,south,wholesale,17,432.48,orders_export
ORD-002798,2024-11-30,east,online,11,274.78,orders_export
ORD-002799,2024-11-30,west,retail,7,169.49,orders_export
ORD-002800,2024-12-01,north,wholesale,30,756.5,orders_export
ORD-002801,2024-12-01,south,online,17,425.69,orders_export
ORD-002802,2024-12-01,east,retail,11,277.14,orders_export
ORD-002803,2024-12-01,west,wholesale,7,172.53,orders_export
ORD-002804,2024-12-02,north,online,36,911.65,orders_export
ORD-002805,2024-12-02,south,retail,17,418.17,orders_export
ORD-002806,2024-12-02,east,wholesale,11,274.37,orders_export
ORD-002807,2024-12-02,west,online,7,173.57,orders_export
ORD-002808,2024-12-03,north,retail,35,887.0,orders_export
ORD-002809,2024-12-03,south,wholesale,18,440.64,orders_export
ORD-002810,2024-12-03,east,online,11,285.22,orders_export
ORD-002811,2024-12-03,west,retail,7,166.46,orders_export
ORD-002812,2024-12-04,north,wholesale,31,786.66,orders_export
ORD-002813,2024-12-04,south,online,20,507.55,orders_export
ORD-002814,2024-12-04,east,retail,10,262.25,orders_export
ORD-002815,2024-12-04,west,wholesale,7,180.5,orders_export
ORD-002816,2024-12-05,north,online,35,886.09,orders_export
ORD-002817,2024-12-05,south,retail,17,434.07,orders_export
ORD-002818,2024-12-05,east,wholesale,10,247.9,orders_export
ORD-002819,2024-12-05,west,online,8,206.2,orders_export
ORD-002820,2024-12-06,north,retail,36,894.18,orders_export
ORD-002821,2024-12-06,south,wholesale,18,449.18,orders_export
ORD-002822,2024-12-06,east,online,10,258.42,orders_export
ORD-002823,2024-12-06,west,retail,7,170.81,orders_export
ORD-002824,2024-12-07,north,wholesale,39,962.78,orders_export
ORD-002825,2024-12-07,south,online,16,388.06,orders_export
ORD-002826,2024-12-07,east,retail,11,286.86,orders_export
ORD-002827,2024-12-07,west,wholesale,8,206.69,orders_export
ORD-002828,2024-12-08,north,online,35,883.02,orders_export
ORD-002829,2024-12-08,south,retail,17,418.16,orders_export
ORD-002830,2024-12-08,east,wholesale,11,268.42,orders_export
ORD-002831,2024-12-08,west,online,7,179.61,orders_export
ORD-002832,2024-12-09,north,retail,32,790.96,orders_export
ORD-002833,2024-12-09,south,wholesale,20,498.52,orders_export
ORD-002834,2024-12-09,east,online,11,265.92,orders_export
ORD-002835,2024-12-09,west,retail,7,184.27,orders_export
ORD-002836,2024-12-10,north,wholesale,36,904.76,orders_export
ORD-002837,2024-12-10,south,online,18,454.61,orders_export
ORD-002838,2024-12-10,east,retail,11,277.08,orders_export
ORD-002839,2024-12-10,west,wholesale,7,168.43,orders_export
ORD-002840,2024-12-11,north,online,38,947.01,orders_export
ORD-002841,2024-12-11,south,retail,19,487.34,orders_export
ORD-002842,2024-12-11,east,wholesale,10,251.82,orders_export
ORD-002843,2024-12-11,west,online,8,189.61,orders_export
ORD-002844,2024-12-12,north,retail,33,825.52,orders_export
ORD-002845,2024-12-12,south,wholesale,19,480.09,orders_export
ORD-002846,2024-12-12,east,online,11,286.5,orders_export
ORD-002847,2024-12-12,west,retail,7,170.64,orders_export
ORD-002848,2024-12-13,north,wholesale,34,854.4,orders_export
ORD-002849,2024-12-13,south,online,20,492.74,orders_export
ORD-002850,2024-12-13,east,retail,10,258.9,orders_export
ORD-002851,2024-12-13,west,wholesale,8,189.14,orders_export
ORD-002852,2024-12-14,north,online,37,916.95,orders_export
ORD-002853,2024-12-14,south,retail,18,446.41,orders_export
ORD-002854,2024-12-14,east,wholesale,11,286.56,orders_export
ORD-002855,2024-12-14,west,online,7,175.02,orders_export
ORD-002856,2024-12-15,north,retail,39,969.25,orders_export
ORD-002857,2024-12-15,south,wholesale,17,432.31,orders_export
ORD-002858,2024-12-15,east,online,11,276.75,orders_export
ORD-002859,2024-12-15,west,retail,8,191.23,orders_export
ORD-002860,2024-12-16,north,wholesale,40,1009.9,orders_export
ORD-002861,2024-12-16,south,online,18,453.96,orders_export
ORD-002862,2024-12-16,east,retail,12,290.67,orders_export
ORD-002863,2024-12-16,west,wholesale,6,157.58,orders_export
ORD-002864,2024-12-17,north,online,37,922.19,orders_export
ORD-002865,2024-12-17,south,retail,18,453.68,orders_export
ORD-002866,2024-12-17,east,wholesale,11,267.14,orders_export
ORD-002867,2024-12-17,west,online,7,186.27,orders_export
ORD-002868,2024-12-18,north,retail,35,867.36,orders_export
ORD-002869,2024-12-18,south,wholesale,17,414.93,orders_export
ORD-002870,2024-12-18,east,online,10,260.25,orders_export
ORD-002871,2024-12-18,west,retail,8,188.96,orders_export
ORD-002872,2024-12-19,north,wholesale,39,977.25,orders_export
ORD-002873,2024-12-19,south,online,18,452.41,orders_export
ORD-002874,2024-12-19,east,retail,11,267.27,orders_export
ORD-002875,2024-12-19,west,wholesale,7,185.38,orders_export
ORD-002876,2024-12-20,north,online,36,911.49,orders_export
ORD-002877,2024-12-20,south,retail,20,501.86,orders_export
ORD-002878,2024-12-20,east,wholesale,11,277.94,orders_export
ORD-002879,2024-12-20,west,online,7,174.81,orders_export
ORD-002880,2024-12-21,north,retail,42,1058.13,orders_export
ORD-002881,2024-12-21,south,wholesale,19,465.64,orders_export
ORD-002882,2024-12-21,east,online,11,262.5,orders_export
ORD-002883,2024-12-21,west,retail,8,191.93,orders_export
ORD-002884,2024-12-22,north,wholesale,38,950.25,orders_export
ORD-002885,2024-12-22,south,online,19,466.77,orders_export
ORD-002886,2024-12-22,east,retail,12,300.81,orders_export
ORD-002887,2024-12-22,west,wholesale,7,175.3,orders_export
ORD-002888,2024-12-23,north,online,35,875.52,orders_export
ORD-002889,2024-12-23,south,retail,18,447.84,orders_export
ORD-002890,2024-12-23,east,wholesale,10,260.35,orders_export
ORD-002891,2024-12-23,west,online,7,181.37,orders_export
ORD-002892,2024-12-24,north,retail,36,889.89,orders_export
ORD-002893,2024-12-24,south,wholesale,18,457.53,orders_export
ORD-002894,2024-12-24,east,online,12,294.89,orders_export
ORD-002895,2024-12-24,west,retail,7,181.99,orders_export
ORD-002896,2024-12-25,north,wholesale,35,866.02,orders_export
ORD-002897,2024-12-25,south,online,22,547.17,orders_export
ORD-002898,2024-12-25,east,retail,12,311.51,orders_export
ORD-002899,2024-12-25,west,wholesale,7,169.38,orders_export
ORD-002900,2024-12-26,north,online,39,986.59,orders_export
ORD-002901,2024-12-26,south,retail,19,474.45,orders_export
ORD-002902,2024-12-26,east,wholesale,11,271.97,orders_export
ORD-002903,2024-12-26,west,online,8,188.87,orders_export
ORD-002904,2024-12-27,north,retail,40,988.89,orders_export
ORD-002905,2024-12-27,south,wholesale,20,506.58,orders_export
ORD-002906,2024-12-27,east,online,13,318.12,orders_export
ORD-002907,2024-12-27,west,retail,7,174.5,orders_export
ORD-002908,2024-12-28,north,wholesale,39,971.97,orders_export
ORD-002909,2024-12-28,south,online,20,501.42,orders_export
ORD-002910,2024-12-28,east,retail,11,285.69,orders_export
ORD-002911,2024-12-28,west,wholesale,7,177.07,orders_export
ORD-002912,2024-12-29,north,online,37,926.95,orders_export
ORD-002913,2024-12-29,south,retail,18,457.28,orders_export
ORD-002914,2024-12-29,east,wholesale,11,272.2,orders_export
ORD-002915,2024-12-29,west,online,8,194.03,orders_export
ORD-002916,2024-12-30,north,retail,40,999.16,orders_export
ORD-002917,2024-12-30,south,wholesale,20,491.05,orders_export
ORD-002918,2024-12-30,east,online,10,260.35,orders_export
ORD-002919,2024-12-30,west,retail,8,189.31,orders_export
ORD-002920,2024-12-31,north,wholesale,38,948.29,orders_export
ORD-002921,2024-12-31,south,online,19,463.9,orders_export
ORD-002922,2024-12-31,east,retail,11,268.69,orders_export
ORD-002923,2024-12-31,west,wholesale,8,199.69,orders_export
ORD-002924,2025-01-01,north,online,40,1001.83,orders_export
ORD-002925,2025-01-01,south,retail,19,473.32,orders_export
ORD-002926,2025-01-01,east,wholesale,12,288.94,orders_export
ORD-002927,2025-01-01,west,online,8,200.02,orders_export
ORD-002928,2025-01-02,north,retail,38,956.65,orders_export
ORD-002929,2025-01-02,south,wholesale,19,482.74,orders_export
ORD-002930,2025-01-02,east,online,12,305.9,orders_export
ORD-002931,2025-01-02,west,retail,8,191.39,orders_export
ORD-002932,2025-01-03,north,wholesale,40,998.23,orders_export
ORD-002933,2025-01-03,south,online,20,500.73,orders_export
ORD-002934,2025-01-03,east,retail,12,293.91,orders_export
ORD-002935,2025-01-03,west,wholesale,9,213.57,orders_export
ORD-002936,2025-01-04,north,online,42,1046.78,orders_export
ORD-002937,2025-01-04,south,retail,21,519.12,orders_export
ORD-002938,2025-01-04,east,wholesale,12,298.27,orders_export
ORD-002939,2025-01-04,west,online,7,171.69,orders_export
ORD-002940,2025-01-05,north,retail,42,1046.43,orders_export
ORD-002941,2025-01-05,south,wholesale,18,448.64,orders_export
ORD-002942,2025-01-05,east,online,12,297.71,orders_export
ORD-002943,2025-01-05,west,retail,8,208.65,orders_export
ORD-002944,2025-01-06,north,wholesale,40,1007.82,orders_export
ORD-002945,2025-01-06,south,online,21,517.71,orders_export
ORD-002946,2025-01-06,east,retail,11,274.12,orders_export
ORD-002947,2025-01-06,west,wholesale,8,211.23,orders_export
ORD-002948,2025-01-07,north,online,38,938.6,orders_export
ORD-002949,2025-01-07,south,retail,18,445.79,orders_export
ORD-002950,2025-01-07,east,wholesale,12,304.15,orders_export
ORD-002951,2025-01-07,west,online,8,208.64,orders_export
ORD-002952,2025-01-08,north,retail,35,877.33,orders_export
ORD-002953,2025-01-08,south,wholesale,20,502.0,orders_export
ORD-002954,2025-01-08,east,online,12,311.69,orders_export
ORD-002955,2025-01-08,west,retail,9,212.72,orders_export
ORD-002956,2025-01-09,north,wholesale,38,945.16,orders_export
ORD-002957,2025-01-09,south,online,19,471.26,orders_export
ORD-002958,2025-01-09,east,retail,12,290.35,orders_export
ORD-002959,2025-01-09,west,wholesale,8,205.19,orders_export
ORD-002960,2025-01-10,north,online,38,953.66,orders_export
ORD-002961,2025-01-10,south,retail,20,490.42,orders_export
ORD-002962,2025-01-10,east,wholesale,12,290.59,orders_export
ORD-002963,2025-01-10,west,online,8,191.67,orders_export
ORD-002964,2025-01-11,north,retail,39,978.55,orders_export
ORD-002965,2025-01-11,south,wholesale,21,514.1,orders_export
ORD-002966,2025-01-11,east,online,13,315.43,orders_export
ORD-002967,2025-01-11,west,retail,7,168.14,orders_export
ORD-002968,2025-01-12,north,wholesale,41,1024.89,orders_export
ORD-002969,2025-01-12,south,online,17,425.22,orders_export
ORD-002970,2025-01-12,east,retail,11,286.21,orders_export
ORD-002971,2025-01-12,west,wholesale,8,207.11,orders_export
ORD-002972,2025-01-13,north,online,39,982.91,orders_export
ORD-002973,2025-01-13,south,retail,18,462.45,orders_export
ORD-002974,2025-01-13,east,wholesale,12,296.52,orders_export
ORD-002975,2025-01-13,west,online,8,206.04,orders_export
ORD-002976,2025-01-14,north,retail,38,961.23,orders_export
ORD-002977,2025-01-14,south,wholesale,22,539.54,orders_export
ORD-002978,2025-01-14,east,online,12,288.61,orders_export
ORD-002979,2025-01-14,west,retail,8,202.65,orders_export
ORD-002980,2025-01-15,north,wholesale,42,1045.84,orders_export
ORD-002981,2025-01-15,south,online,20,501.77,orders_export
ORD-002982,2025-01-15,east,retail,12,292.19,orders_export
ORD-002983,2025-01-15,west,wholesale,8,205.63,orders_export
ORD-002984,2025-01-16,north,online,39,970.79,orders_export
ORD-002985,2025-01-16,south,retail,20,508.01,orders_export
ORD-002986,2025-01-16,east,wholesale,12,306.93,orders_export
ORD-002987,2025-01-16,west,online,8,188.51,orders_export
ORD-002988,2025-01-17,north,retail,37,924.44,orders_export
ORD-002989,2025-01-17,south,wholesale,20,493.22,orders_export
ORD-002990,2025-01-17,east,online,11,282.78,orders_export
ORD-002991,2025-01-17,west,retail,9,213.63,orders_export
ORD-002992,2025-01-18,north,wholesale,44,1110.24,orders_export
ORD-002993,2025-01-18,south,online,19,485.71,orders_export
ORD-002994,2025-01-18,east,retail,13,312.58,orders_export
ORD-002995,2025-01-18,west,wholesale,8,199.33,orders_export
ORD-002996,2025-01-19,north,online,40,1008.26,orders_export
ORD-002997,2025-01-19,south,retail,20,488.97,orders_export
ORD-002998,2025-01-19,east,wholesale,13,325.78,orders_export
ORD-002999,2025-01-19,west,online,9,214.63,orders_export
ORD-003000,2025-01-20,north,retail,39,965.58,orders_export
ORD-003001,2025-01-20,south,wholesale,23,567.51,orders_export
ORD-003002,2025-01-20,east,online,10,255.37,orders_export
ORD-003003,2025-01-20,west,retail,9,231.52,orders_export
ORD-003004,2025-01-21,north,wholesale,42,1041.77,orders_export
ORD-003005,2025-01-21,south,online,23,567.7,orders_export
ORD-003006,2025-01-21,east,retail,13,324.12,orders_export
ORD-003007,2025-01-21,west,wholesale,8,198.84,orders_export
ORD-003008,2025-01-22,north,online,40,997.84,orders_export
ORD-003009,2025-01-22,south,retail,20,502.77,orders_export
ORD-003010,2025-01-22,east,wholesale,13,329.11,orders_export
ORD-003011,2025-01-22,west,online,8,204.06,orders_export
ORD-003012,2025-01-23,north,retail,44,1098.32,orders_export
ORD-003013,2025-01-23,south,wholesale,23,582.65,orders_export
ORD-003014,2025-01-23,east,online,11,281.11,orders_export
ORD-003015,2025-01-23,west,retail,8,203.67,orders_export
ORD-003016,2025-01-24,north,wholesale,40,1003.73,orders_export
ORD-003017,2025-01-24,south,online,21,534.25,orders_export
ORD-003018,2025-01-24,east,retail,11,280.63,orders_export
ORD-003019,2025-01-24,west,wholesale,9,218.32,orders_export
ORD-003020,2025-01-25,north,online,44,1097.25,orders_export
ORD-003021,2025-01-25,south,retail,19,472.73,orders_export
ORD-003022,2025-01-25,east,wholesale,11,284.0,orders_export
ORD-003023,2025-01-25,west,online,9,223.02,orders_export
ORD-003024,2025-01-26,north,retail,41,1014.83,orders_export
ORD-003025,2025-01-26,south,wholesale,21,530.57,orders_export
ORD-003026,2025-01-26,east,online,11,282.71,orders_export
ORD-003027,2025-01-26,west,retail,9,215.69,orders_export
ORD-003028,2025-01-27,north,wholesale,38,958.97,orders_export
ORD-003029,2025-01-27,south,online,20,495.1,orders_export
ORD-003030,2025-01-27,east,retail,13,319.91,orders_export
ORD-003031,2025-01-27,west,wholesale,8,203.32,orders_export
ORD-003032,2025-01-28,north,online,42,1062.48,orders_export
ORD-003033,2025-01-28,south,retail,22,550.86,orders_export
ORD-003034,2025-01-28,east,wholesale,11,284.21,orders_export
ORD-003035,2025-01-28,west,online,8,202.51,orders_export
ORD-003036,2025-01-29,north,retail,45,1120.79,orders_export
ORD-003037,2025-01-29,south,wholesale,21,519.67,orders_export
ORD-003038,2025-01-29,east,online,14,340.24,orders_export
ORD-003039,2025-01-29,west,retail,9,218.74,orders_export
ORD-003040,2025-01-30,north,wholesale,44,1088.56,orders_export
ORD-003041,2025-01-30,south,online,24,598.91,orders_export
ORD-003042,2025-01-30,east,retail,13,321.1,orders_export
ORD-003043,2025-01-30,west,wholesale,8,204.4,orders_export
ORD-003044,2025-01-31,north,online,41,1015.16,orders_export
ORD-003045,2025-01-31,south,retail,23,575.31,orders_export
ORD-003046,2025-01-31,east,wholesale,13,328.46,orders_export
ORD-003047,2025-01-31,west,online,9,212.82,orders_export
ORD-003048,2025-02-01,north,retail,45,1126.92,orders_export
ORD-003049,2025-02-01,south,wholesale,20,508.64,orders_export
ORD-003050,2025-02-01,east,online,12,295.7,orders_export
ORD-003051,2025-02-01,west,retail,8,205.02,orders_export
ORD-003052,2025-02-02,north,wholesale,43,1076.82,orders_export
ORD-003053,2025-02-02,south,online,21,529.84,orders_export
ORD-003054,2025-02-02,east,retail,13,320.02,orders_export
ORD-003055,2025-02-02,west,wholesale,8,205.85,orders_export
ORD-003056,2025-02-03,north,online,36,902.77,orders_export
ORD-003057,2025-02-03,south,retail,21,531.17,orders_export
ORD-003058,2025-02-03,east,wholesale,12,289.4,orders_export
ORD-003059,2025-02-03,west,online,9,215.55,orders_export
ORD-003060,2025-02-04,north,retail,39,964.61,orders_export
ORD-003061,2025-02-04,south,wholesale,25,614.45,orders_export
ORD-003062,2025-02-04,east,online,13,329.62,orders_export
ORD-003063,2025-02-04,west,retail,9,220.18,orders_export
ORD-003064,2025-02-05,north,wholesale,40,999.32,orders_export
ORD-003065,2025-02-05,south,online,22,552.14,orders_export
ORD-003066,2025-02-05,east,retail,14,341.55,orders_export
ORD-003067,2025-02-05,west,wholesale,8,209.48,orders_export
ORD-003068,2025-02-06,north,online,46,1153.12,orders_export
ORD-003069,2025-02-06,south,retail,21,529.24,orders_export
ORD-003070,2025-02-06,east,wholesale,14,351.53,orders_export
ORD-003071,2025-02-06,west,online,8,206.18,orders_export
ORD-003072,2025-02-07,north,retail,46,1155.2,orders_export
ORD-003073,2025-02-07,south,wholesale,20,511.15,orders_export
ORD-003074,2025-02-07,east,online,14,346.6,orders_export
ORD-003075,2025-02-07,west,retail,9,225.86,orders_export
ORD-003076,2025-02-08,north,wholesale,47,1177.45,orders_export
ORD-003077,2025-02-08,south,online,20,492.66,orders_export
ORD-003078,2025-02-08,east,retail,15,365.86,orders_export
ORD-003079,2025-02-08,west,wholesale,9,217.63,orders_export
ORD-003080,2025-02-09,north,online,40,991.89,orders_export
ORD-003081,2025-02-09,south,retail,22,553.57,orders_export
ORD-003082,2025-02-09,east,wholesale,13,321.66,orders_export
ORD-003083,2025-02-09,west,online,9,216.09,orders_export
ORD-003084,2025-02-10,north,retail,41,1026.16,orders_export
ORD-003085,2025-02-10,south,wholesale,22,553.95,orders_export
ORD-003086,2025-02-10,east,online,13,324.52,orders_export
ORD-003087,2025-02-10,west,retail,9,225.83,orders_export
ORD-003088,2025-02-11,north,wholesale,42,1040.18,orders_export
ORD-003089,2025-02-11,south,online,21,532.46,orders_export
ORD-003090,2025-02-11,east,retail,12,301.73,orders_export
ORD-003091,2025-02-11,west,wholesale,9,228.65,orders_export
ORD-003092,2025-02-12,north,online,42,1046.7,orders_export
ORD-003093,2025-02-12,south,retail,23,577.15,orders_export
ORD-003094,2025-02-12,east,wholesale,13,326.14,orders_export
ORD-003095,2025-02-12,west,online,9,214.04,orders_export
ORD-003096,2025-02-13,north,retail,40,1006.99,orders_export
ORD-003097,2025-02-13,south,wholesale,22,550.97,orders_export
ORD-003098,2025-02-13,east,online,11,287.0,orders_export
ORD-003099,2025-02-13,west,retail,9,212.65,orders_export
ORD-003100,2025-02-14,north,wholesale,43,1072.22,orders_export
ORD-003101,2025-02-14,south,online,22,551.32,orders_export
ORD-003102,2025-02-14,east,retail,14,361.96,orders_export
ORD-003103,2025-02-14,west,wholesale,8,195.07,orders_export
ORD-003104,2025-02-15,north,online,47,1180.04,orders_export
ORD-003105,2025-02-15,south,retail,21,520.14,orders_export
ORD-003106,2025-02-15,east,wholesale,14,340.93,orders_export
ORD-003107,2025-02-15,west,online,10,242.32,orders_export
ORD-003108,2025-02-16,north,retail,43,1076.39,orders_export
ORD-003109,2025-02-16,south,wholesale,22,543.11,orders_export
ORD-003110,2025-02-16,east,online,13,323.59,orders_export
ORD-003111,2025-02-16,west,retail,9,227.58,orders_export
ORD-003112,2025-02-17,north,wholesale,47,1177.7,orders_export
ORD-003113,2025-02-17,south,online,21,528.66,orders_export
ORD-003114,2025-02-17,east,retail,14,341.31,orders_export
ORD-003115,2025-02-17,west,wholesale,9,225.59,orders_export
ORD-003116,2025-02-18,north,online,45,1131.35,orders_export
ORD-003117,2025-02-18,south,retail,23,577.8,orders_export
ORD-003118,2025-02-18,east,wholesale,13,336.41,orders_export
ORD-003119,2025-02-18,west,online,8,209.82,orders_export
ORD-003120,2025-02-19,north,retail,44,1104.56,orders_export
ORD-003121,2025-02-19,south,wholesale,22,549.83,orders_export
ORD-003122,2025-02-19,east,online,13,320.66,orders_export
ORD-003123,2025-02-19,west,retail,8,211.86,orders_export
ORD-003124,2025-02-20,north,wholesale,43,1076.86,orders_export
ORD-003125,2025-02-20,south,online,22,554.95,orders_export
ORD-003126,2025-02-20,east,retail,13,322.57,orders_export
ORD-003127,2025-02-20,west,wholesale,9,223.84,orders_export
ORD-003128,2025-02-21,north,online,37,935.93,orders_export
ORD-003129,2025-02-21,south,retail,22,540.19,orders_export
ORD-003130,2025-02-21,east,wholesale,13,331.88,orders_export
ORD-003131,2025-02-21,west,online,9,224.98,orders_export
ORD-003132,2025-02-22,north,retail,48,1197.84,orders_export
ORD-003133,2025-02-22,south,wholesale,22,556.79,orders_export
ORD-003134,2025-02-22,east,online,14,342.88,orders_export
ORD-003135,2025-02-22,west,retail,10,240.44,orders_export
ORD-003136,2025-02-23,north,wholesale,43,1080.57,orders_export
ORD-003137,2025-02-23,south,online,22,561.28,orders_export
ORD-003138,2025-02-23,east,retail,13,313.8,orders_export
ORD-003139,2025-02-23,west,wholesale,8,192.4,orders_export
ORD-003140,2025-02-24,north,online,44,1099.56,orders_export
ORD-003141,2025-02-24,south,retail,21,535.01,orders_export
ORD-003142,2025-02-24,east,wholesale,14,361.91,orders_export
ORD-003143,2025-02-24,west,online,9,236.28,orders_export
ORD-003144,2025-02-25,north,retail,39,984.38,orders_export
ORD-003145,2025-02-25,south,wholesale,21,513.14,orders_export
ORD-003146,2025-02-25,east,online,15,368.11,orders_export
ORD-003147,2025-02-25,west,retail,9,224.1,orders_export
ORD-003148,2025-02-26,north,wholesale,39,977.88,orders_export
ORD-003149,2025-02-26,south,online,21,519.91,orders_export
ORD-003150,2025-02-26,east,retail,14,340.94,orders_export
ORD-003151,2025-02-26,west,wholesale,10,240.8,orders_export
ORD-003152,2025-02-27,north,online,51,1262.62,orders_export
ORD-003153,2025-02-27,south,retail,21,514.03,orders_export
ORD-003154,2025-02-27,east,wholesale,13,330.02,orders_export
ORD-003155,2025-02-27,west,online,9,231.31,orders_export
ORD-003156,2025-02-28,north,retail,45,1132.48,orders_export
ORD-003157,2025-02-28,south,wholesale,25,617.08,orders_export
ORD-003158,2025-02-28,east,online,13,327.38,orders_export
ORD-003159,2025-02-28,west,retail,9,215.74,orders_export
ORD-003160,2025-03-01,north,wholesale,44,1100.0,orders_export
ORD-003161,2025-03-01,south,online,22,557.26,orders_export
ORD-003162,2025-03-01,east,retail,14,355.88,orders_export
ORD-003163,2025-03-01,west,wholesale,10,238.06,orders_export
ORD-003164,2025-03-02,north,online,47,1172.59,orders_export
ORD-003165,2025-03-02,south,retail,23,574.96,orders_export
ORD-003166,2025-03-02,east,wholesale,13,330.69,orders_export
ORD-003167,2025-03-02,west,online,8,207.14,orders_export
ORD-003168,2025-03-03,north,retail,44,1089.73,orders_export
ORD-003169,2025-03-03,south,wholesale,22,556.51,orders_export
ORD-003170,2025-03-03,east,online,14,347.32,orders_export
ORD-003171,2025-03-03,west,retail,9,224.06,orders_export
ORD-003172,2025-03-04,north,wholesale,46,1144.67,orders_export
ORD-003173,2025-03-04,south,online,23,581.6,orders_export
ORD-003174,2025-03-04,east,retail,12,309.36,orders_export
ORD-003175,2025-03-04,west,wholesale,9,221.1,orders_export
ORD-003176,2025-03-05,north,online,48,1195.16,orders_export
ORD-003177,2025-03-05,south,retail,22,546.8,orders_export
ORD-003178,2025-03-05,east,wholesale,13,330.76,orders_export
ORD-003179,2025-03-05,west,online,8,210.73,orders_export
ORD-003180,2025-03-06,north,retail,41,1032.65,orders_export
ORD-003181,2025-03-06,south,wholesale,23,567.07,orders_export
ORD-003182,2025-03-06,east,online,14,350.11,orders_export
ORD-003183,2025-03-06,west,retail,9,225.51,orders_export
ORD-003184,2025-03-07,north,wholesale,43,1074.86,orders_export
ORD-003185,2025-03-07,south,online,21,530.71,orders_export
ORD-003186,2025-03-07,east,retail,15,369.96,orders_export
ORD-003187,2025-03-07,west,wholesale,8,211.04,orders_export
ORD-003188,2025-03-08,north,online,45,1113.41,orders_export
ORD-003189,2025-03-08,south,retail,24,593.22,orders_export
ORD-003190,2025-03-08,east,wholesale,14,338.49,orders_export
ORD-003191,2025-03-08,west,online,10,245.35,orders_export
ORD-003192,2025-03-09,north,retail,46,1160.37,orders_export
ORD-003193,2025-03-09,south,wholesale,21,531.15,orders_export
ORD-003194,2025-03-09,east,online,13,318.11,orders_export
ORD-003195,2025-03-09,west,retail,8,210.94,orders_export
ORD-003196,2025-03-10,north,wholesale,44,1112.32,orders_export
ORD-003197,2025-03-10,south,online,22,546.84,orders_export
ORD-003198,2025-03-10,east,retail,15,378.47,orders_export
ORD-003199,2025-03-10,west,wholesale,9,233.01,orders_export
ORD-003200,2025-03-11,north,online,45,1134.87,orders_export
ORD-003201,2025-03-11,south,retail,23,575.04,orders_export
ORD-003202,2025-03-11,east,wholesale,14,355.12,orders_export
ORD-003203,2025-03-11,west,online,9,234.49,orders_export
ORD-003204,2025-03-12,north,retail,46,1145.24,orders_export
ORD-003205,2025-03-12,south,wholesale,23,582.37,orders_export
ORD-003206,2025-03-12,east,online,13,325.09,orders_export
ORD-003207,2025-03-12,west,retail,9,223.37,orders_export
ORD-003208,2025-03-13,north,wholesale,45,1129.56,orders_export
ORD-003209,2025-03-13,south,online,22,544.77,orders_export
ORD-003210,2025-03-13,east,retail,14,350.32,orders_export
ORD-003211,2025-03-13,west,wholesale,10,247.93,orders_export
ORD-003212,2025-03-14,north,online,53,1323.76,orders_export
ORD-003213,2025-03-14,south,retail,24,593.11,orders_export
ORD-003214,2025-03-14,east,wholesale,13,319.88,orders_export
ORD-003215,2025-03-14,west,online,9,218.17,orders_export
ORD-003216,2025-03-15,north,retail,40,1010.04,orders_export
ORD-003217,2025-03-15,south,wholesale,22,551.65,orders_export
ORD-003218,2025-03-15,east,online,13,322.05,orders_export
ORD-003219,2025-03-15,west,retail,8,207.4,orders_export
ORD-003220,2025-03-16,north,wholesale,43,1075.01,orders_export
ORD-003221,2025-03-16,south,online,21,522.31,orders_export
ORD-003222,2025-03-16,east,retail,15,362.8,orders_export
ORD-003223,2025-03-16,west,wholesale,8,209.76,orders_export
ORD-003224,2025-03-17,north,online,50,1262.2,orders_export
ORD-003225,2025-03-17,south,retail,19,463.81,orders_export
ORD-003226,2025-03-17,east,wholesale,15,375.69,orders_export
ORD-003227,2025-03-17,west,online,10,245.02,orders_export
ORD-003228,2025-03-18,north,retail,51,1284.74,orders_export
ORD-003229,2025-03-18,south,wholesale,22,551.38,orders_export
ORD-003230,2025-03-18,east,online,14,359.9,orders_export
ORD-003231,2025-03-18,west,retail,10,241.09,orders_export
ORD-003232,2025-03-19,north,wholesale,46,1144.23,orders_export
ORD-003233,2025-03-19,south,online,25,614.14,orders_export
ORD-003234,2025-03-19,east,retail,13,330.63,orders_export
ORD-003235,2025-03-19,west,wholesale,10,237.52,orders_export
ORD-003236,2025-03-20,north,online,53,1324.21,orders_export
ORD-003237,2025-03-20,south,retail,22,544.97,orders_export
ORD-003238,2025-03-20,east,wholesale,13,335.97,orders_export
ORD-003239,2025-03-20,west,online,9,237.44,orders_export
ORD-003240,2025-03-21,north,retail,51,1275.72,orders_export
ORD-003241,2025-03-21,south,wholesale,24,608.12,orders_export
ORD-003242,2025-03-21,east,online,13,317.2,orders_export
ORD-003243,2025-03-21,west,retail,10,248.41,orders_export
ORD-003244,2025-03-22,north,wholesale,44,1104.03,orders_export
ORD-003245,2025-03-22,south,online,21,531.85,orders_export
ORD-003246,2025-03-22,east,retail,14,341.91,orders_export
ORD-003247,2025-03-22,west,wholesale,9,217.73,orders_export
ORD-003248,2025-03-23,north,online,45,1122.36,orders_export
ORD-003249,2025-03-23,south,retail,21,512.93,orders_export
ORD-003250,2025-03-23,east,wholesale,14,361.75,orders_export
ORD-003251,2025-03-23,west,online,9,227.66,orders_export
ORD-003252,2025-03-24,north,retail,45,1125.86,orders_export
ORD-003253,2025-03-24,south,wholesale,23,578.13,orders_export
ORD-003254,2025-03-24,east,online,14,356.58,orders_export
ORD-003255,2025-03-24,west,retail,10,258.76,orders_export
ORD-003256,2025-03-25,north,wholesale,43,1077.78,orders_export
ORD-003257,2025-03-25,south,online,25,626.67,orders_export
ORD-003258,2025-03-25,east,retail,13,329.61,orders_export
ORD-003259,2025-03-25,west,wholesale,9,216.94,orders_export
ORD-003260,2025-03-26,north,online,46,1151.68,orders_export
ORD-003261,2025-03-26,south,retail,22,548.75,orders_export
ORD-003262,2025-03-26,east,wholesale,15,375.16,orders_export
ORD-003263,2025-03-26,west,online,9,231.79,orders_export
ORD-003264,2025-03-27,north,retail,46,1153.32,orders_export
ORD-003265,2025-03-27,south,wholesale,23,579.72,orders_export
ORD-003266,2025-03-27,east,online,14,358.29,orders_export
ORD-003267,2025-03-27,west,retail,10,246.64,orders_export
ORD-003268,2025-03-28,north,wholesale,48,1204.09,orders_export
ORD-003269,2025-03-28,south,online,25,613.62,orders_export
ORD-003270,2025-03-28,east,retail,15,384.47,orders_export
ORD-003271,2025-03-28,west,wholesale,9,224.81,orders_export
ORD-003272,2025-03-29,north,online,44,1105.91,orders_export
ORD-003273,2025-03-29,south,retail,24,612.24,orders_export
ORD-003274,2025-03-29,east,wholesale,14,361.38,orders_export
ORD-003275,2025-03-29,west,online,9,216.95,orders_export
ORD-003276,2025-03-30,north,retail,46,1142.43,orders_export
ORD-003277,2025-03-30,south,wholesale,23,584.67,orders_export
ORD-003278,2025-03-30,east,online,15,372.39,orders_export
ORD-003279,2025-03-30,west,retail,10,254.17,orders_export
ORD-003280,2025-03-31,north,wholesale,51,1273.69,orders_export
ORD-003281,2025-03-31,south,online,23,583.17,orders_export
ORD-003282,2025-03-31,east,retail,15,375.91,orders_export
ORD-003283,2025-03-31,west,wholesale,10,239.62,orders_export
ORD-003284,2025-04-01,north,online,48,1194.57,orders_export
ORD-003285,2025-04-01,south,retail,22,559.51,orders_export
ORD-003286,2025-04-01,east,wholesale,14,345.4,orders_export
ORD-003287,2025-04-01,west,online,9,235.64,orders_export
ORD-003288,2025-04-02,north,retail,46,1152.41,orders_export
ORD-003289,2025-04-02,south,wholesale,23,585.81,orders_export
ORD-003290,2025-04-02,east,online,14,343.79,orders_export
ORD-003291,2025-04-02,west,retail,10,248.46,orders_export
ORD-003292,2025-04-03,north,wholesale,48,1206.17,orders_export
ORD-003293,2025-04-03,south,online,22,562.18,orders_export
ORD-003294,2025-04-03,east,retail,15,363.91,orders_export
ORD-003295,2025-04-03,west,wholesale,10,237.73,orders_export
ORD-003296,2025-04-04,north,online,52,1304.12,orders_export
ORD-003297,2025-04-04,south,retail,23,581.44,orders_export
ORD-003298,2025-04-04,east,wholesale,14,342.12,orders_export
ORD-003299,2025-04-04,west,online,9,230.25,orders_export
ORD-003300,2025-04-05,north,retail,50,1241.7,orders_export
ORD-003301,2025-04-05,south,wholesale,24,611.53,orders_export
ORD-003302,2025-04-05,east,online,14,339.11,orders_export
ORD-003303,2025-04-05,west,retail,9,222.0,orders_export
ORD-003304,2025-04-06,north,wholesale,45,1130.94,orders_export
ORD-003305,2025-04-06,south,online,26,639.3,orders_export
ORD-003306,2025-04-06,east,retail,15,364.03,orders_export
ORD-003307,2025-04-06,west,wholesale,9,227.36,orders_export
ORD-003308,2025-04-07,north,online,47,1173.92,orders_export
ORD-003309,2025-04-07,south,retail,23,581.37,orders_export
ORD-003310,2025-04-07,east,wholesale,13,324.54,orders_export
ORD-003311,2025-04-07,west,online,10,244.53,orders_export
ORD-003312,2025-04-08,north,retail,43,1065.76,orders_export
ORD-003313,2025-04-08,south,wholesale,25,617.62,orders_export
ORD-003314,2025-04-08,east,online,16,397.13,orders_export
ORD-003315,2025-04-08,west,retail,9,225.0,orders_export
ORD-003316,2025-04-09,north,wholesale,45,1123.87,orders_export
ORD-003317,2025-04-09,south,online,23,563.6,orders_export
ORD-003318,2025-04-09,east,retail,16,395.77,orders_export
ORD-003319,2025-04-09,west,wholesale,9,213.37,orders_export
ORD-003320,2025-04-10,north,online,48,1192.79,orders_export
ORD-003321,2025-04-10,south,retail,24,608.19,orders_export
ORD-003322,2025-04-10,east,wholesale,15,364.09,orders_export
ORD-003323,2025-04-10,west,online,9,220.6,orders_export
ORD-003324,2025-04-11,north,retail,46,1162.22,orders_export
ORD-003325,2025-04-11,south,wholesale,22,560.51,orders_export
ORD-003326,2025-04-11,east,online,14,356.7,orders_export
ORD-003327,2025-04-11,west,retail,10,256.35,orders_export
ORD-003328,2025-04-12,north,wholesale,48,1194.59,orders_export
ORD-003329,2025-04-12,south,online,23,584.51,orders_export
ORD-003330,2025-04-12,east,retail,15,366.89,orders_export
ORD-003331,2025-04-12,west,wholesale,9,231.62,orders_export
ORD-003332,2025-04-13,north,online,49,1221.21,orders_export
ORD-003333,2025-04-13,south,retail,25,622.9,orders_export
ORD-003334,2025-04-13,east,wholesale,15,366.9,orders_export
ORD-003335,2025-04-13,west,online,9,232.21,orders_export
ORD-003336,2025-04-14,north,retail,47,1184.15,orders_export
ORD-003337,2025-04-14,south,wholesale,24,588.25,orders_export
ORD-003338,2025-04-14,east,online,14,359.98,orders_export
ORD-003339,2025-04-14,west,retail,10,247.86,orders_export
ORD-003340,2025-04-15,north,wholesale,50,1261.92,orders_export
ORD-003341,2025-04-15,south,online,24,606.06,orders_export
ORD-003342,2025-04-15,east,retail,15,368.7,orders_export
ORD-003343,2025-04-15,west,wholesale,10,247.72,orders_export
ORD-003344,2025-04-16,north,online,44,1111.92,orders_export
ORD-003345,2025-04-16,south,retail,23,565.05,orders_export
ORD-003346,2025-04-16,east,wholesale,14,362.36,orders_export
ORD-003347,2025-04-16,west,online,9,229.01,orders_export
ORD-003348,2025-04-17,north,retail,47,1175.34,orders_export
ORD-003349,2025-04-17,south,wholesale,24,596.23,orders_export
ORD-003350,2025-04-17,east,online,13,336.04,orders_export
ORD-003351,2025-04-17,west,retail,10,242.09,orders_export
ORD-003352,2025-04-18,north,wholesale,46,1151.73,orders_export
ORD-003353,2025-04-18,south,online,25,617.53,orders_export
ORD-003354,2025-04-18,east,retail,14,355.69,orders_export
ORD-003355,2025-04-18,west,wholesale,9,236.92,orders_export
ORD-003356,2025-04-19,north,online,47,1177.64,orders_export
ORD-003357,2025-04-19,south,retail,25,615.73,orders_export
ORD-003358,2025-04-19,east,wholesale,14,359.38,orders_export
ORD-003359,2025-04-19,west,online,9,234.05,orders_export
ORD-003360,2025-04-20,north,retail,48,1200.23,orders_export
ORD-003361,2025-04-20,south,wholesale,26,642.64,orders_export
ORD-003362,2025-04-20,east,online,15,364.82,orders_export
ORD-003363,2025-04-20,west,retail,9,227.31,orders_export
ORD-003364,2025-04-21,north,wholesale,45,1114.05,orders_export
ORD-003365,2025-04-21,south,online,24,596.36,orders_export
ORD-003366,2025-04-21,east,retail,13,334.41,orders_export
ORD-003367,2025-04-21,west,wholesale,10,251.02,orders_export
ORD-003368,2025-04-22,north,online,47,1180.3,orders_export
ORD-003369,2025-04-22,south,retail,22,547.71,orders_export
ORD-003370,2025-04-22,east,wholesale,15,380.13,orders_export
ORD-003371,2025-04-22,west,online,9,219.61,orders_export
ORD-003372,2025-04-23,north,retail,49,1220.13,orders_export
ORD-003373,2025-04-23,south,wholesale,25,617.34,orders_export
ORD-003374,2025-04-23,east,online,14,339.02,orders_export
ORD-003375,2025-04-23,west,retail,10,240.61,orders_export
ORD-003376,2025-04-24,north,wholesale,48,1199.18,orders_export
ORD-003377,2025-04-24,south,online,25,624.77,orders_export
ORD-003378,2025-04-24,east,retail,15,369.49,orders_export
ORD-003379,2025-04-24,west,wholesale,9,230.27,orders_export
ORD-003380,2025-04-25,north,online,48,1206.54,orders_export
ORD-003381,2025-04-25,south,retail,24,595.26,orders_export
ORD-003382,2025-04-25,east,wholesale,13,335.69,orders_export
ORD-003383,2025-04-25,west,online,10,252.0,orders_export
ORD-003384,2025-04-26,north,retail,45,1126.42,orders_export
ORD-003385,2025-04-26,south,wholesale,24,598.73,orders_export
ORD-003386,2025-04-26,east,online,14,344.33,orders_export
ORD-003387,2025-04-26,west,retail,9,233.47,orders_export
ORD-003388,2025-04-27,north,wholesale,45,1116.57,orders_export
ORD-003389,2025-04-27,south,online,25,635.01,orders_export
ORD-003390,2025-04-27,east,retail,15,371.69,orders_export
ORD-003391,2025-04-27,west,wholesale,10,244.77,orders_export
ORD-003392,2025-04-28,north,online,48,1210.96,orders_export
ORD-003393,2025-04-28,south,retail,24,595.78,orders_export
ORD-003394,2025-04-28,east,wholesale,14,354.03,orders_export
ORD-003395,2025-04-28,west,online,10,237.55,orders_export
ORD-003396,2025-04-29,north,retail,46,1139.91,orders_export
ORD-003397,2025-04-29,south,wholesale,23,572.57,orders_export
ORD-003398,2025-04-29,east,online,14,345.66,orders_export
ORD-003399,2025-04-29,west,retail,9,232.58,orders_export
ORD-003400,2025-04-30,north,wholesale,43,1070.17,orders_export
ORD-003401,2025-04-30,south,online,25,632.2,orders_export
ORD-003402,2025-04-30,east,retail,15,384.45,orders_export
ORD-003403,2025-04-30,west,wholesale,9,236.85,orders_export
ORD-003404,2025-05-01,north,online,50,1239.45,orders_export
ORD-003405,2025-05-01,south,retail,24,596.97,orders_export
ORD-003406,2025-05-01,east,wholesale,14,357.8,orders_export
ORD-003407,2025-05-01,west,online,9,215.04,orders_export
ORD-003408,2025-05-02,north,retail,48,1211.05,orders_export
ORD-003409,2025-05-02,south,wholesale,24,594.09,orders_export
ORD-003410,2025-05-02,east,online,14,359.36,orders_export
ORD-003411,2025-05-02,west,retail,9,225.0,orders_export
ORD-003412,2025-05-03,north,wholesale,51,1281.01,orders_export
ORD-003413,2025-05-03,south,online,22,554.61,orders_export
ORD-003414,2025-05-03,east,retail,13,334.99,orders_export
ORD-003415,2025-05-03,west,wholesale,9,233.93,orders_export
ORD-003416,2025-05-04,north,online,47,1186.87,orders_export
ORD-003417,2025-05-04,south,retail,22,562.21,orders_export
ORD-003418,2025-05-04,east,wholesale,16,394.06,orders_export
ORD-003419,2025-05-04,west,online,10,246.25,orders_export
ORD-003420,2025-05-05,north,retail,47,1169.2,orders_export
ORD-003421,2025-05-05,south,wholesale,23,573.51,orders_export
ORD-003422,2025-05-05,east,online,14,345.68,orders_export
ORD-003423,2025-05-05,west,retail,9,219.56,orders_export
ORD-003424,2025-05-06,north,wholesale,46,1153.45,orders_export
ORD-003425,2025-05-06,south,online,22,540.03,orders_export
ORD-003426,2025-05-06,east,retail,14,361.74,orders_export
ORD-003427,2025-05-06,west,wholesale,10,246.31,orders_export
ORD-003428,2025-05-07,north,online,48,1196.86,orders_export
ORD-003429,2025-05-07,south,retail,23,576.37,orders_export
ORD-003430,2025-05-07,east,wholesale,15,369.77,orders_export
ORD-003431,2025-05-07,west,online,10,248.58,orders_export
ORD-003432,2025-05-08,north,retail,48,1199.49,orders_export
ORD-003433,2025-05-08,south,wholesale,26,645.22,orders_export
ORD-003434,2025-05-08,east,online,15,385.17,orders_export
ORD-003435,2025-05-08,west,retail,9,233.94,orders_export
ORD-003436,2025-05-09,north,wholesale,43,1077.58,orders_export
ORD-003437,2025-05-09,south,online,22,557.93,orders_export
ORD-003438,2025-05-09,east,retail,14,356.14,orders_export
ORD-003439,2025-05-09,west,wholesale,10,254.37,orders_export
ORD-003440,2025-05-10,north,online,52,1296.28,orders_export
ORD-003441,2025-05-10,south,retail,22,543.74,orders_export
ORD-003442,2025-05-10,east,wholesale,16,388.63,orders_export
ORD-003443,2025-05-10,west,online,11,263.35,orders_export
ORD-003444,2025-05-11,north,retail,47,1168.2,orders_export
ORD-003445,2025-05-11,south,wholesale,23,583.02,orders_export
ORD-003446,2025-05-11,east,online,12,312.09,orders_export
ORD-003447,2025-05-11,west,retail,10,238.14,orders_export
ORD-003448,2025-05-12,north,wholesale,51,1286.28,orders_export
ORD-003449,2025-05-12,south,online,25,616.55,orders_export
ORD-003450,2025-05-12,east,retail,15,369.69,orders_export
ORD-003451,2025-05-12,west,wholesale,10,240.25,orders_export
ORD-003452,2025-05-13,north,online,54,1353.8,orders_export
ORD-003453,2025-05-13,south,retail,24,602.35,orders_export
ORD-003454,2025-05-13,east,wholesale,16,388.46,orders_export
ORD-003455,2025-05-13,west,online,9,214.84,orders_export
ORD-003456,2025-05-14,north,retail,50,1258.01,orders_export
ORD-003457,2025-05-14,south,wholesale,27,666.84,orders_export
ORD-003458,2025-05-14,east,online,14,360.0,orders_export
ORD-003459,2025-05-14,west,retail,10,243.88,orders_export
ORD-003460,2025-05-15,north,wholesale,49,1223.91,orders_export
ORD-003461,2025-05-15,south,online,23,576.7,orders_export
ORD-003462,2025-05-15,east,retail,13,336.5,orders_export
ORD-003463,2025-05-15,west,wholesale,9,237.33,orders_export
ORD-003464,2025-05-16,north,online,56,1402.12,orders_export
ORD-003465,2025-05-16,south,retail,23,574.36,orders_export
ORD-003466,2025-05-16,east,wholesale,14,359.52,orders_export
ORD-003467,2025-05-16,west,online,9,232.86,orders_export
ORD-003468,2025-05-17,north,retail,50,1253.66,orders_export
ORD-003469,2025-05-17,south,wholesale,25,615.58,orders_export
ORD-003470,2025-05-17,east,online,13,321.41,orders_export
ORD-003471,2025-05-17,west,retail,10,238.14,orders_export
ORD-003472,2025-05-18,north,wholesale,51,1263.14,orders_export
ORD-003473,2025-05-18,south,online,24,595.84,orders_export
ORD-003474,2025-05-18,east,retail,16,399.12,orders_export
ORD-003475,2025-05-18,west,wholesale,9,226.24,orders_export
ORD-003476,2025-05-19,north,online,44,1096.67,orders_export
ORD-003477,2025-05-19,south,retail,22,554.05,orders_export
ORD-003478,2025-05-19,east,wholesale,12,308.76,orders_export
ORD-003479,2025-05-19,west,online,9,214.23,orders_export
ORD-003480,2025-05-20,north,retail,41,1022.0,orders_export
ORD-003481,2025-05-20,south,wholesale,24,602.26,orders_export
ORD-003482,2025-05-20,east,online,15,369.59,orders_export
ORD-003483,2025-05-20,west,retail,9,234.41,orders_export
ORD-003484,2025-05-21,north,wholesale,47,1170.2,orders_export
ORD-003485,2025-05-21,south,online,22,554.91,orders_export
ORD-003486,2025-05-21,east,retail,15,363.67,orders_export
ORD-003487,2025-05-21,west,wholesale,9,232.2,orders_export
ORD-003488,2025-05-22,north,online,42,1055.82,orders_export
ORD-003489,2025-05-22,south,retail,22,557.71,orders_export
ORD-003490,2025-05-22,east,wholesale,14,352.31,orders_export
ORD-003491,2025-05-22,west,online,10,243.98,orders_export
ORD-003492,2025-05-23,north,retail,45,1126.05,orders_export
ORD-003493,2025-05-23,south,wholesale,26,658.56,orders_export
ORD-003494,2025-05-23,east,online,15,376.85,orders_export
ORD-003495,2025-05-23,west,retail,10,252.11,orders_export
ORD-003496,2025-05-24,north,wholesale,47,1167.92,orders_export
ORD-003497,2025-05-24,south,online,24,590.48,orders_export
ORD-003498,2025-05-24,east,retail,14,361.77,orders_export
ORD-003499,2025-05-24,west,wholesale,10,259.3,orders_export
ORD-003500,2025-05-25,north,online,50,1252.76,orders_export
ORD-003501,2025-05-25,south,retail,25,631.15,orders_export
ORD-003502,2025-05-25,east,wholesale,15,362.97,orders_export
ORD-003503,2025-05-25,west,online,9,234.13,orders_export
ORD-003504,2025-05-26,north,retail,48,1197.14,orders_export
ORD-003505,2025-05-26,south,wholesale,22,560.58,orders_export
ORD-003506,2025-05-26,east,online,14,360.99,orders_export
ORD-003507,2025-05-26,west,retail,10,246.38,orders_export
ORD-003508,2025-05-27,north,wholesale,43,1068.93,orders_export
ORD-003509,2025-05-27,south,online,25,613.31,orders_export
ORD-003510,2025-05-27,east,retail,15,365.32,orders_export
ORD-003511,2025-05-27,west,wholesale,9,229.73,orders_export
ORD-003512,2025-05-28,north,online,50,1237.93,orders_export
ORD-003513,2025-05-28,south,retail,26,650.5,orders_export
ORD-003514,2025-05-28,east,wholesale,16,395.04,orders_export
ORD-003515,2025-05-28,west,online,9,213.49,orders_export
ORD-003516,2025-05-29,north,retail,45,1121.28,orders_export
ORD-003517,2025-05-29,south,wholesale,21,530.76,orders_export
ORD-003518,2025-05-29,east,online,14,356.11,orders_export
ORD-003519,2025-05-29,west,retail,9,234.54,orders_export
ORD-003520,2025-05-30,north,wholesale,52,1288.44,orders_export
ORD-003521,2025-05-30,south,online,24,594.39,orders_export
ORD-003522,2025-05-30,east,retail,15,367.87,orders_export
ORD-003523,2025-05-30,west,wholesale,10,241.04,orders_export
ORD-003524,2025-05-31,north,online,44,1093.3,orders_export
ORD-003525,2025-05-31,south,retail,24,595.67,orders_export
ORD-003526,2025-05-31,east,wholesale,14,358.47,orders_export
ORD-003527,2025-05-31,west,online,9,221.69,orders_export
ORD-003528,2025-06-01,north,retail,48,1210.32,orders_export
ORD-003529,2025-06-01,south,wholesale,24,600.34,orders_export
ORD-003530,2025-06-01,east,online,14,337.66,orders_export
ORD-003531,2025-06-01,west,retail,8,211.96,orders_export
ORD-003532,2025-06-02,north,wholesale,51,1276.37,orders_export
ORD-003533,2025-06-02,south,online,25,635.19,orders_export
ORD-003534,2025-06-02,east,retail,13,330.63,orders_export
ORD-003535,2025-06-02,west,wholesale,9,231.13,orders_export
ORD-003536,2025-06-03,north,online,46,1141.51,orders_export
ORD-003537,2025-06-03,south,retail,24,588.58,orders_export
ORD-003538,2025-06-03,east,wholesale,12,300.73,orders_export
ORD-003539,2025-06-03,west,online,9,228.2,orders_export
ORD-003540,2025-06-04,north,retail,50,1257.5,orders_export
ORD-003541,2025-06-04,south,wholesale,26,660.53,orders_export
ORD-003542,2025-06-04,east,online,15,382.49,orders_export
ORD-003543,2025-06-04,west,retail,10,246.87,orders_export
ORD-003544,2025-06-05,north,wholesale,49,1221.29,orders_export
ORD-003545,2025-06-05,south,online,28,695.95,orders_export
ORD-003546,2025-06-05,east,retail,14,343.22,orders_export
ORD-003547,2025-06-05,west,wholesale,9,233.87,orders_export
ORD-003548,2025-06-06,north,online,48,1188.45,orders_export
ORD-003549,2025-06-06,south,retail,24,592.8,orders_export
ORD-003550,2025-06-06,east,wholesale,14,350.07,orders_export
ORD-003551,2025-06-06,west,online,10,245.49,orders_export
ORD-003552,2025-06-07,north,retail,38,948.76,orders_export
ORD-003553,2025-06-07,south,wholesale,24,611.8,orders_export
ORD-003554,2025-06-07,east,online,13,329.92,orders_export
ORD-003555,2025-06-07,west,retail,9,225.32,orders_export
ORD-003556,2025-06-08,north,wholesale,42,1062.47,orders_export
ORD-003557,2025-06-08,south,online,23,575.62,orders_export
ORD-003558,2025-06-08,east,retail,14,340.83,orders_export
ORD-003559,2025-06-08,west,wholesale,9,236.59,orders_export
ORD-003560,2025-06-09,north,online,49,1226.08,orders_export
ORD-003561,2025-06-09,south,retail,21,525.48,orders_export
ORD-003562,2025-06-09,east,wholesale,14,337.74,orders_export
ORD-003563,2025-06-09,west,online,10,259.48,orders_export
ORD-003564,2025-06-10,north,retail,47,1171.66,orders_export
ORD-003565,2025-06-10,south,wholesale,26,646.65,orders_export
ORD-003566,2025-06-10,east,online,15,382.93,orders_export
ORD-003567,2025-06-10,west,retail,9,234.89,orders_export
ORD-003568,2025-06-11,north,wholesale,51,1280.4,orders_export
ORD-003569,2025-06-11,south,online,22,557.13,orders_export
ORD-003570,2025-06-11,east,retail,15,386.51,orders_export
ORD-003571,2025-06-11,west,wholesale,10,245.32,orders_export
ORD-003572,2025-06-12,north,online,49,1220.65,orders_export
ORD-003573,2025-06-12,south,retail,25,618.58,orders_export
ORD-003574,2025-06-12,east,wholesale,14,340.95,orders_export
ORD-003575,2025-06-12,west,online,9,237.16,orders_export
ORD-003576,2025-06-13,north,retail,47,1176.73,orders_export
ORD-003577,2025-06-13,south,wholesale,24,597.01,orders_export
ORD-003578,2025-06-13,east,online,14,352.03,orders_export
ORD-003579,2025-06-13,west,retail,9,220.67,orders_export
ORD-003580,2025-06-14,north,wholesale,46,1137.69,orders_export
ORD-003581,2025-06-14,south,online,21,536.39,orders_export
ORD-003582,2025-06-14,east,retail,14,345.88,orders_export
ORD-003583,2025-06-14,west,wholesale,9,230.82,orders_export
ORD-003584,2025-06-15,north,online,44,1112.08,orders_export
ORD-003585,2025-06-15,south,retail,20,499.81,orders_export
ORD-003586,2025-06-15,east,wholesale,16,394.33,orders_export
ORD-003587,2025-06-15,west,online,9,226.18,orders_export
ORD-003588,2025-06-16,north,retail,46,1140.1,orders_export
ORD-003589,2025-06-16,south,wholesale,22,548.21,orders_export
ORD-003590,2025-06-16,east,online,14,345.73,orders_export
ORD-003591,2025-06-16,west,retail,9,232.33,orders_export
ORD-003592,2025-06-17,north,wholesale,50,1244.44,orders_export
ORD-003593,2025-06-17,south,online,20,508.24,orders_export
ORD-003594,2025-06-17,east,retail,12,306.35,orders_export
ORD-003595,2025-06-17,west,wholesale,9,214.77,orders_export
ORD-003596,2025-06-18,north,online,44,1104.32,orders_export
ORD-003597,2025-06-18,south,retail,22,554.8,orders_export
ORD-003598,2025-06-18,east,wholesale,15,377.29,orders_export
ORD-003599,2025-06-18,west,online,9,226.53,orders_export
ORD-003600,2025-06-19,north,retail,43,1062.69,orders_export
ORD-003601,2025-06-19,south,wholesale,20,508.27,orders_export
ORD-003602,2025-06-19,east,online,15,363.97,orders_export
ORD-003603,2025-06-19,west,retail,10,239.5,orders_export
ORD-003604,2025-06-20,north,wholesale,49,1228.07,orders_export
ORD-003605,2025-06-20,south,online,24,599.83,orders_export
ORD-003606,2025-06-20,east,retail,14,348.0,orders_export
ORD-003607,2025-06-20,west,wholesale,10,238.77,orders_export
ORD-003608,2025-06-21,north,online,44,1099.15,orders_export
ORD-003609,2025-06-21,south,retail,24,588.3,orders_export
ORD-003610,2025-06-21,east,wholesale,14,355.2,orders_export
ORD-003611,2025-06-21,west,online,9,227.2,orders_export
ORD-003612,2025-06-22,north,retail,47,1163.99,orders_export
ORD-003613,2025-06-22,south,wholesale,23,572.08,orders_export
ORD-003614,2025-06-22,east,online,14,347.05,orders_export
ORD-003615,2025-06-22,west,retail,10,240.74,orders_export
ORD-003616,2025-06-23,north,wholesale,46,1151.72,orders_export
ORD-003617,2025-06-23,south,online,22,560.26,orders_export
ORD-003618,2025-06-23,east,retail,15,372.31,orders_export
ORD-003619,2025-06-23,west,wholesale,9,232.28,orders_export
ORD-003620,2025-06-24,north,online,43,1082.83,orders_export
ORD-003621,2025-06-24,south,retail,23,563.44,orders_export
ORD-003622,2025-06-24,east,wholesale,15,369.95,orders_export
ORD-003623,2025-06-24,west,online,9,224.37,orders_export
ORD-003624,2025-06-25,north,retail,51,1278.84,orders_export
ORD-003625,2025-06-25,south,wholesale,22,558.73,orders_export
ORD-003626,2025-06-25,east,online,14,358.72,orders_export
ORD-003627,2025-06-25,west,retail,9,225.49,orders_export
ORD-003628,2025-06-26,north,wholesale,47,1172.2,orders_export
ORD-003629,2025-06-26,south,online,25,617.48,orders_export
ORD-003630,2025-06-26,east,retail,12,287.59,orders_export
ORD-003631,2025-06-26,west,wholesale,10,260.25,orders_export
ORD-003632,2025-06-27,north,online,49,1219.8,orders_export
ORD-003633,2025-06-27,south,retail,24,590.91,orders_export
ORD-003634,2025-06-27,east,wholesale,15,366.32,orders_export
ORD-003635,2025-06-27,west,online,9,226.19,orders_export
ORD-003636,2025-06-28,north,retail,42,1048.75,orders_export
ORD-003637,2025-06-28,south,wholesale,23,577.0,orders_export
ORD-003638,2025-06-28,east,online,12,306.93,orders_export
ORD-003639,2025-06-28,west,retail,9,229.05,orders_export
ORD-003640,2025-06-29,north,wholesale,41,1036.69,orders_export
ORD-003641,2025-06-29,south,online,23,582.9,orders_export
ORD-003642,2025-06-29,east,retail,13,328.59,orders_export
ORD-003643,2025-06-29,west,wholesale,9,215.5,orders_export
ORD-003644,2025-06-30,north,online,48,1208.98,orders_export
ORD-003645,2025-06-30,south,retail,24,588.77,orders_export
ORD-003646,2025-06-30,east,wholesale,14,354.37,orders_export
ORD-003647,2025-06-30,west,online,9,234.67,orders_export
ORD-002000,2024-05-15,north,online,33,817.42,orders_export
ORD-002001,2024-05-15,south,retail,17,431.64,orders_export
ORD-002002,2024-05-15,east,wholesale,10,253.36,orders_export
ORD-002003,2024-05-15,west,online,7,163.45,orders_export
ORD-002004,2024-05-16,north,retail,33,822.89,orders_export
ORD-002005,2024-05-16,south,wholesale,17,413.33,orders_export
ORD-002006,2024-05-16,east,online,9,220.04,orders_export
ORD-002007,2024-05-16,west,retail,7,180.41,orders_export
ORD-002008,2024-05-17,north,wholesale,35,878.28,orders_export
ORD-002009,2024-05-17,south,online,17,421.07,orders_export
ORD-002010,2024-05-17,east,retail,9,236.01,orders_export
ORD-002011,2024-05-17,west,wholesale,7,183.36,orders_export
